observed_at,slot,ticker,provider,contract,token_price_usd,token_to_share_ratio,api_reference_price_usd,catalog_response_sha256,price_response_sha256,formula_state,calculated_per_share_usd,absolute_delta_usd,reported_precision_usd
2026-10-04T11:55:02.552Z,5970383,AAOI,bstock,0x10343ef7da3301493d7ecb647d68a288c6c1db2f,116.73000000,1.000000000000000000,116.73,950072f2ef51959156d3491312d37e57d36ef2a043bd7c4fd881e4eb5df867db,6321ce23e52beff658c6da405c00c45adacd8f00f2c25701841763c2963f0b5e,MATCH_AT_REPORTED_PRECISION,116.73,0.00,0.01
2026-10-04T11:55:02.553Z,5970383,AAPL,ondo,0x390a684ef9cade28a7ad0dfa61ab1eb3842618c4,334.580768669045412895,1.003376073740221058,333.455,950072f2ef51959156d3491312d37e57d36ef2a043bd7c4fd881e4eb5df867db,6321ce23e52beff658c6da405c00c45adacd8f00f2c25701841763c2963f0b5e,MATCH_AT_REPORTED_PRECISION,333.4549999999999999996113122,3.886878E-19,0.001
2026-10-04T11:55:02.553Z,5970383,AMD,bstock,0x75fd4cf6f8392e41e70391d60c90c0d5211603a1,632.80000000,1.000000000000000000,632.8,950072f2ef51959156d3491312d37e57d36ef2a043bd7c4fd881e4eb5df867db,6321ce23e52beff658c6da405c00c45adacd8f00f2c25701841763c2963f0b5e,MATCH_AT_REPORTED_PRECISION,632.8,0.0,0.1
2026-10-04T11:55:02.554Z,5970383,ARM,bstock,0xd42a79ebb7f527f40faecd196ffb47ad5e8d6f8c,307.83000000,1.000000000000000000,307.83,950072f2ef51959156d3491312d37e57d36ef2a043bd7c4fd881e4eb5df867db,6321ce23e52beff658c6da405c00c45adacd8f00f2c25701841763c2963f0b5e,MATCH_AT_REPORTED_PRECISION,307.83,0.00,0.01
2026-10-04T11:55:02.554Z,5970383,AVGO,bstock,0x76682c454467b3a1150ad8b6a92fc5ee2c21d7ed,356.69000000,1.001269208611258122,356.23786,950072f2ef51959156d3491312d37e57d36ef2a043bd7c4fd881e4eb5df867db,6321ce23e52beff658c6da405c00c45adacd8f00f2c25701841763c2963f0b5e,MATCH_AT_REPORTED_PRECISION,356.2378598406341032795595355,1.593658967204404645E-7,0.00001
2026-10-04T11:55:02.555Z,5970383,AXTI,bstock,0x9bdc8b470dbf89dbcb123587c6f5e49cca3463be,85.79000000,1.000000000000000000,85.79,950072f2ef51959156d3491312d37e57d36ef2a043bd7c4fd881e4eb5df867db,6321ce23e52beff658c6da405c00c45adacd8f00f2c25701841763c2963f0b5e,MATCH_AT_REPORTED_PRECISION,85.79,0.00,0.01
2026-10-04T11:55:02.556Z,5970383,BABA,bstock,0x4ef9d3062c7f6eba4aae4990c5036598c6eff4ec,106.49000000,1,106.49,950072f2ef51959156d3491312d37e57d36ef2a043bd7c4fd881e4eb5df867db,6321ce23e52beff658c6da405c00c45adacd8f00f2c25701841763c2963f0b5e,MATCH_AT_REPORTED_PRECISION,106.49000000,0E-8,0.01
2026-10-04T11:55:02.556Z,5970383,CBRS,bstock,0xe81c6bb0266cd68b4f17278531dd03ea1f12da4e,179.41000000,1.000000000000000000,179.41,950072f2ef51959156d3491312d37e57d36ef2a043bd7c4fd881e4eb5df867db,6321ce23e52beff658c6da405c00c45adacd8f00f2c25701841763c2963f0b5e,MATCH_AT_REPORTED_PRECISION,179.41,0.00,0.01
2026-10-04T11:55:02.557Z,5970383,COIN,bstock,0x585bde7c54abb5ccd7791f923d6c2187635f3952,185.34000000,1.000000000000000000,185.34,950072f2ef51959156d3491312d37e57d36ef2a043bd7c4fd881e4eb5df867db,6321ce23e52beff658c6da405c00c45adacd8f00f2c25701841763c2963f0b5e,MATCH_AT_REPORTED_PRECISION,185.34,0.00,0.01
2026-10-04T11:55:02.557Z,5970383,COIN,ondo,0xf8589b526fdd65f7f301c605a6e04f0f1b4b3620,185.445,1,185.445,950072f2ef51959156d3491312d37e57d36ef2a043bd7c4fd881e4eb5df867db,6321ce23e52beff658c6da405c00c45adacd8f00f2c25701841763c2963f0b5e,MATCH_AT_REPORTED_PRECISION,185.445,0.000,0.001
2026-10-04T11:55:02.558Z,5970383,CRCL,bstock,0x80f3d493ebce97e343c53d29a137942416b4ffc0,83.29000000,1.000000000000000000,83.29,950072f2ef51959156d3491312d37e57d36ef2a043bd7c4fd881e4eb5df867db,6321ce23e52beff658c6da405c00c45adacd8f00f2c25701841763c2963f0b5e,MATCH_AT_REPORTED_PRECISION,83.29,0.00,0.01
2026-10-04T11:55:02.558Z,5970383,CRWV,bstock,0x33e7317e17838fee56b10fe8d0b9ca6ca3090c95,89.51000000,1.000000000000000000,89.51,950072f2ef51959156d3491312d37e57d36ef2a043bd7c4fd881e4eb5df867db,6321ce23e52beff658c6da405c00c45adacd8f00f2c25701841763c2963f0b5e,MATCH_AT_REPORTED_PRECISION,89.51,0.00,0.01
2026-10-04T11:55:02.559Z,5970383,GLW,bstock,0x740e075cbbea22a082b9d6679e65e82767875b6a,164.78000000,1.00129026931256489,164.567663,950072f2ef51959156d3491312d37e57d36ef2a043bd7c4fd881e4eb5df867db,6321ce23e52beff658c6da405c00c45adacd8f00f2c25701841763c2963f0b5e,MATCH_AT_REPORTED_PRECISION,164.5676633940821074669524222,3.940821074669524222E-7,0.000001
2026-10-04T11:55:02.559Z,5970383,GOOGL,bstock,0x3f53de71c126bdabae20f9cd64848d317f6c3238,344.00000000,1.000478058978107511,343.835626,950072f2ef51959156d3491312d37e57d36ef2a043bd7c4fd881e4eb5df867db,6321ce23e52beff658c6da405c00c45adacd8f00f2c25701841763c2963f0b5e,MATCH_AT_REPORTED_PRECISION,343.8356262918579583426952606,2.918579583426952606E-7,0.000001
2026-10-04T11:55:02.559Z,5970383,HOOD,bstock,0xa394dcea3fd3847fd793afbfd163e2e3858b7c65,113.48000000,1.000000000000000000,113.48,950072f2ef51959156d3491312d37e57d36ef2a043bd7c4fd881e4eb5df867db,6321ce23e52beff658c6da405c00c45adacd8f00f2c25701841763c2963f0b5e,MATCH_AT_REPORTED_PRECISION,113.48,0.00,0.01
2026-10-04T11:55:02.560Z,5970383,IBM,bstock,0xfa273b076feb8c0fb34e554ae341082323d016a3,223.60000000,1.005005801623174456,222.486278,950072f2ef51959156d3491312d37e57d36ef2a043bd7c4fd881e4eb5df867db,6321ce23e52beff658c6da405c00c45adacd8f00f2c25701841763c2963f0b5e,MATCH_AT_REPORTED_PRECISION,222.4862778293080069955298914,1.706919930044701086E-7,0.000001
2026-10-04T11:55:02.560Z,5970383,INTC,bstock,0xe614e2fc6c787035ff51f452e8e826bfd32d5283,118.86000000,1.000000000000000000,118.86,950072f2ef51959156d3491312d37e57d36ef2a043bd7c4fd881e4eb5df867db,6321ce23e52beff658c6da405c00c45adacd8f00f2c25701841763c2963f0b5e,MATCH_AT_REPORTED_PRECISION,118.86,0.00,0.01
2026-10-04T11:55:02.561Z,5970383,LITE,bstock,0x64748bea17b6d19e242adf20425de2440c656142,1093.63000000,1.000000000000000000,1093.63,950072f2ef51959156d3491312d37e57d36ef2a043bd7c4fd881e4eb5df867db,6321ce23e52beff658c6da405c00c45adacd8f00f2c25701841763c2963f0b5e,MATCH_AT_REPORTED_PRECISION,1093.63,0.00,0.01
2026-10-04T11:55:02.561Z,5970383,META,bstock,0x7425889fe94f9d693e8daefe88bcced6acfef4c0,729.63000000,1.00054829041074495,729.23017,950072f2ef51959156d3491312d37e57d36ef2a043bd7c4fd881e4eb5df867db,6321ce23e52beff658c6da405c00c45adacd8f00f2c25701841763c2963f0b5e,MATCH_AT_REPORTED_PRECISION,729.2301700905134626212599417,9.05134626212599417E-8,0.00001
2026-10-04T11:55:02.562Z,5970383,MRVL,bstock,0x16cd4fe7e8880ecc3ba222795229e20489fc2c76,274.13000000,1,274.13,950072f2ef51959156d3491312d37e57d36ef2a043bd7c4fd881e4eb5df867db,6321ce23e52beff658c6da405c00c45adacd8f00f2c25701841763c2963f0b5e,MATCH_AT_REPORTED_PRECISION,274.13000000,0E-8,0.01
2026-10-04T11:55:02.562Z,5970383,MSFT,bstock,0x80106cb3ead06659a5ad19df39d9b4733863b9b0,517.96000000,1.001313964833366845,517.280312,950072f2ef51959156d3491312d37e57d36ef2a043bd7c4fd881e4eb5df867db,6321ce23e52beff658c6da405c00c45adacd8f00f2c25701841763c2963f0b5e,MATCH_AT_REPORTED_PRECISION,517.2803118612213207121496911,1.387786792878503089E-7,0.000001
2026-10-04T11:55:02.562Z,5970383,MSTR,bstock,0xe87afb3076aeb0f9b14e368de8145ae6a2826a14,163.84000000,1.000000000000000000,163.84,950072f2ef51959156d3491312d37e57d36ef2a043bd7c4fd881e4eb5df867db,6321ce23e52beff658c6da405c00c45adacd8f00f2c25701841763c2963f0b5e,MATCH_AT_REPORTED_PRECISION,163.84,0.00,0.01
2026-10-04T11:55:02.563Z,5970383,MSTR,ondo,0x7313ea16493b2f55054df0131a3a14b043ec8992,164.015,1,164.015,950072f2ef51959156d3491312d37e57d36ef2a043bd7c4fd881e4eb5df867db,6321ce23e52beff658c6da405c00c45adacd8f00f2c25701841763c2963f0b5e,MATCH_AT_REPORTED_PRECISION,164.015,0.000,0.001
2026-10-04T11:55:02.563Z,5970383,MU,bstock,0xcdf2f3e0fa43c47a6662a91c9e4a7c5f69762699,1068.59000000,1.000107512568805603,1068.475125,950072f2ef51959156d3491312d37e57d36ef2a043bd7c4fd881e4eb5df867db,6321ce23e52beff658c6da405c00c45adacd8f00f2c25701841763c2963f0b5e,MATCH_AT_REPORTED_PRECISION,1068.475125494553191549840092,4.94553191549840092E-7,0.000001
2026-10-04T11:55:02.564Z,5970383,NBIS,bstock,0xe256bc2a4f5297f8ba6f043f180a46300ecbcbb1,241.91000000,1.000000000000000000,241.91,950072f2ef51959156d3491312d37e57d36ef2a043bd7c4fd881e4eb5df867db,6321ce23e52beff658c6da405c00c45adacd8f00f2c25701841763c2963f0b5e,MATCH_AT_REPORTED_PRECISION,241.91,0.00,0.01
2026-10-04T11:55:02.564Z,5970383,NOK,bstock,0x7c4d7a180d737dd5a70d8065a90e6746a69c37ea,10.56000000,1.002349416320445721,10.535248,950072f2ef51959156d3491312d37e57d36ef2a043bd7c4fd881e4eb5df867db,6321ce23e52beff658c6da405c00c45adacd8f00f2c25701841763c2963f0b5e,MATCH_AT_REPORTED_PRECISION,10.53524831566722313286805076,3.1566722313286805076E-7,0.000001
2026-10-04T11:55:02.565Z,5970383,NVDA,bstock,0x02fca66c1d1afb4e2a7884261eb00f63598a7436,234.67000000,1.000778223752807865,234.487516,950072f2ef51959156d3491312d37e57d36ef2a043bd7c4fd881e4eb5df867db,6321ce23e52beff658c6da405c00c45adacd8f00f2c25701841763c2963f0b5e,MATCH_AT_REPORTED_PRECISION,234.4875162451211266278298584,2.451211266278298584E-7,0.000001
2026-10-04T11:55:02.565Z,5970383,NVDA,ondo,0xa9ee28c80f960b889dfbd1902055218cba016f75,235.247817603494224581,1.0017152487959898,234.845,950072f2ef51959156d3491312d37e57d36ef2a043bd7c4fd881e4eb5df867db,6321ce23e52beff658c6da405c00c45adacd8f00f2c25701841763c2963f0b5e,MATCH_AT_REPORTED_PRECISION,234.845,0.000,0.001
2026-10-04T11:55:02.566Z,5970383,ORCL,bstock,0x4684d9887fc1c71cba7bab8e88835cec217eb598,142.59000000,1,142.59,950072f2ef51959156d3491312d37e57d36ef2a043bd7c4fd881e4eb5df867db,6321ce23e52beff658c6da405c00c45adacd8f00f2c25701841763c2963f0b5e,MATCH_AT_REPORTED_PRECISION,142.59000000,0E-8,0.01
2026-10-04T11:55:02.566Z,5970383,PLTR,bstock,0x0ca5d51d0277bd006fd9607d3e560785ebad8222,189.67000000,1.000000000000000000,189.67,950072f2ef51959156d3491312d37e57d36ef2a043bd7c4fd881e4eb5df867db,6321ce23e52beff658c6da405c00c45adacd8f00f2c25701841763c2963f0b5e,MATCH_AT_REPORTED_PRECISION,189.67,0.00,0.01
2026-10-04T11:55:02.567Z,5970383,QCOM,bstock,0x5f7a56e877b9130608bf8be962621011182fefe1,186.79000000,1.003804323223530061,186.082084,950072f2ef51959156d3491312d37e57d36ef2a043bd7c4fd881e4eb5df867db,6321ce23e52beff658c6da405c00c45adacd8f00f2c25701841763c2963f0b5e,MATCH_AT_REPORTED_PRECISION,186.0820836078478021260032775,3.921521978739967225E-7,0.000001
2026-10-04T11:55:02.567Z,5970383,QNT,bstock,0xd721c192d612db77621df57a9fab38418033c02e,46.62000000,1.000000000000000000,46.62,950072f2ef51959156d3491312d37e57d36ef2a043bd7c4fd881e4eb5df867db,6321ce23e52beff658c6da405c00c45adacd8f00f2c25701841763c2963f0b5e,MATCH_AT_REPORTED_PRECISION,46.62,0.00,0.01
2026-10-04T11:55:02.568Z,5970383,RKLB,bstock,0xc8da12cbcce7c45180692a6420b0076e03a5179a,74.40000000,1.000000000000000000,74.4,950072f2ef51959156d3491312d37e57d36ef2a043bd7c4fd881e4eb5df867db,6321ce23e52beff658c6da405c00c45adacd8f00f2c25701841763c2963f0b5e,MATCH_AT_REPORTED_PRECISION,74.4,0.0,0.1
2026-10-04T11:55:02.568Z,5970383,SKHY,bstock,0xca750ef65f295bbecd685abf54e82caf297bdb61,195.75000000,1.000000000000000000,195.75,950072f2ef51959156d3491312d37e57d36ef2a043bd7c4fd881e4eb5df867db,6321ce23e52beff658c6da405c00c45adacd8f00f2c25701841763c2963f0b5e,MATCH_AT_REPORTED_PRECISION,195.75,0.00,0.01
2026-10-04T11:55:02.569Z,5970383,SNDK,bstock,0x3ee4df61bd4f867e349beae8bfe07bc31b4850fb,1716.99000000,1.000000000000000000,1716.99,950072f2ef51959156d3491312d37e57d36ef2a043bd7c4fd881e4eb5df867db,6321ce23e52beff658c6da405c00c45adacd8f00f2c25701841763c2963f0b5e,MATCH_AT_REPORTED_PRECISION,1716.99,0.00,0.01
2026-10-04T11:55:02.569Z,5970383,SPCX,bstock,0xbe9d156892e55e7154bcd3cb0fea677f9d3103e1,159.25000000,1.000000000000000000,159.25,950072f2ef51959156d3491312d37e57d36ef2a043bd7c4fd881e4eb5df867db,6321ce23e52beff658c6da405c00c45adacd8f00f2c25701841763c2963f0b5e,MATCH_AT_REPORTED_PRECISION,159.25,0.00,0.01
2026-10-04T11:55:02.570Z,5970383,TSLA,bstock,0x5b1910eaad6450e50f816082aa078c41f10c292f,371.35000000,1.000000000000000000,371.35,950072f2ef51959156d3491312d37e57d36ef2a043bd7c4fd881e4eb5df867db,6321ce23e52beff658c6da405c00c45adacd8f00f2c25701841763c2963f0b5e,MATCH_AT_REPORTED_PRECISION,371.35,0.00,0.01
2026-10-04T11:55:02.570Z,5970383,TSLA,ondo,0x2494b603319d4d9f9715c9f4496d9e0364b59d93,371.665,1,371.665,950072f2ef51959156d3491312d37e57d36ef2a043bd7c4fd881e4eb5df867db,6321ce23e52beff658c6da405c00c45adacd8f00f2c25701841763c2963f0b5e,MATCH_AT_REPORTED_PRECISION,371.665,0.000,0.001
2026-10-04T11:55:02.571Z,5970383,TSM,bstock,0xab78b89b5bb00236be0b4b20704cbfa04efc711c,473.22000000,1.002110464141050983,472.223389,950072f2ef51959156d3491312d37e57d36ef2a043bd7c4fd881e4eb5df867db,6321ce23e52beff658c6da405c00c45adacd8f00f2c25701841763c2963f0b5e,MATCH_AT_REPORTED_PRECISION,472.2233894699581010658626960,4.699581010658626960E-7,0.000001
2026-10-04T11:55:02.571Z,5970383,WDC,bstock,0xebe29695f8047c13d36e7a790ca8c1b239ffad1c,414.58000000,1.000224983929808861,414.486747,950072f2ef51959156d3491312d37e57d36ef2a043bd7c4fd881e4eb5df867db,6321ce23e52beff658c6da405c00c45adacd8f00f2c25701841763c2963f0b5e,MATCH_AT_REPORTED_PRECISION,414.4867471427741269881700052,1.427741269881700052E-7,0.000001
