captured_at,ticker,bstock_contract,ondo_contract,bstock_token_price_usd,ondo_token_price_usd,bstock_ratio,ondo_ratio,raw_gap_pct,normalized_gap_pct,normalized_bstock_usd,normalized_ondo_usd,equivalence_verified,executable_spread_verified
2026-10-04T11:00:30.605Z,AAOI,0x10343ef7da3301493d7ecb647d68a288c6c1db2f,0x149bda9e7251dc36f536d1fe7f92a5ea203f4f3d,116.76,115.375,1.000000000000000000,1,1.200433369447453954496208017,1.200433369447453954496208017,116.76,115.375,False,False
2026-10-04T11:00:30.605Z,AMD,0x75fd4cf6f8392e41e70391d60c90c0d5211603a1,0x9f16e46c73b43bdb70861247d537bee4ea18f639,632.7,633.055,1.000000000000000000,1,0.05610874031926663505610874032,0.05610874031926663505610874032,632.7,633.055,False,False
2026-10-04T11:00:30.605Z,ARM,0xd42a79ebb7f527f40faecd196ffb47ad5e8d6f8c,0x527c6436e1eaa4f2065cde4090f798cb5d031dd6,308.21,308.27,1.000000000000000000,1,0.01946724635800266052366892703,0.01946724635800266052366892703,308.21,308.27,False,False
2026-10-04T11:00:30.605Z,AVGO,0x76682c454467b3a1150ad8b6a92fc5ee2c21d7ed,0x0ed2e3180edf393e6bf8db124bd15ddd54de150a,357.07262517494687146764,361.4173857767867231331110813413944,1.001269208611258122,1.006414494428012574,1.216772246181332631671304734,0.6993023314103527564354214570,356.62,359.1138519742756,False,False
2026-10-04T11:00:30.605Z,AXTI,0x9bdc8b470dbf89dbcb123587c6f5e49cca3463be,0x0c50323af81d5c33822c6add256fb9093d42bc74,85.88,85.987,1.000000000000000000,1,0.1245924545877969259431765254,0.1245924545877969259431765254,85.88,85.987,False,False
2026-10-04T11:00:30.605Z,BABA,0x4ef9d3062c7f6eba4aae4990c5036598c6eff4ec,0xd5964f3fcee8d649995ab88f04b8982539c282d2,106.47,107.8726222233152190965770689219579,1,1.00891343515435611,1.317387267131792144807991849,0.4222797881871794871794871795,106.47,106.91960129048289,False,False
2026-10-04T11:00:30.605Z,CBRS,0xe81c6bb0266cd68b4f17278531dd03ea1f12da4e,0x441a4d4fc23f17f4cf23e3d60f12d2bd6f176728,182.21,171.566667,1.000000000000000000,1,6.203613549244970761132755467,6.203613549244970761132755467,182.21,171.566667,False,False
2026-10-04T11:00:30.605Z,COIN,0x585bde7c54abb5ccd7791f923d6c2187635f3952,0xf8589b526fdd65f7f301c605a6e04f0f1b4b3620,185.38,185.375,1.000000000000000000,1,0.002697235333782872555630478759,0.002697235333782872555630478759,185.38,185.375,False,False
2026-10-04T11:00:30.605Z,CRCL,0x80f3d493ebce97e343c53d29a137942416b4ffc0,0x992879cd8ce0c312d98648875b5a8d6d042cbf34,83.26,83.285,1.000000000000000000,1,0.03002642325246216670670189767,0.03002642325246216670670189767,83.26,83.285,False,False
2026-10-04T11:00:30.605Z,CRWV,0x33e7317e17838fee56b10fe8d0b9ca6ca3090c95,0x76e39171cb665a35981e744e2ceb7012f76caeac,89.53,89.340946,1.000000000000000000,1,0.2116095793299524721844785481,0.2116095793299524721844785481,89.53,89.340946,False,False
2026-10-04T11:00:30.605Z,GLW,0x740e075cbbea22a082b9d6679e65e82767875b6a,0x25a4dbae9a0cd8c75656d6b50ffdf4900cc20d8f,164.8424170369275578407,165.2366856016151575568277649842081,1.00129026931256489,1.001339209456458611,0.2391790728227897347976154285,0.2342799139750349268055639920,164.63,165.0156950223771,False,False
2026-10-04T11:00:30.605Z,GOOGL,0x3f53de71c126bdabae20f9cd64848d317f6c3238,0x091fc7778e6932d4009b087b191d1ee3bac5729a,344.164452288468983784,345.84050140225936775248369273467376,1.000478058978107511,1.002460326637435211,0.4869907692807177672195274094,0.2882875321628372093023255814,344,344.99170911064016,False,False
2026-10-04T11:00:30.605Z,HOOD,0xa394dcea3fd3847fd793afbfd163e2e3858b7c65,0x19601179a60f55ff6636f5d1a8b6671053bd60a8,113.4,112.921429,1.000000000000000000,1,0.4238088414555929858096287464,0.4238088414555929858096287464,113.4,112.921429,False,False
2026-10-04T11:00:30.605Z,IBM,0xfa273b076feb8c0fb34e554ae341082323d016a3,0xe8ff70859ce4cbd72e4352b4fb45f5bf39d07464,224.69919712690934487248,232.84711344304947873314009586744683,1.005005801623174456,1.022792376444627581,3.626143938350709079020903632,1.824063472102795419983898381,223.58,227.65824111092743,False,False
2026-10-04T11:00:30.605Z,INTC,0xe614e2fc6c787035ff51f452e8e826bfd32d5283,0xa528caaa2f96090e379d43f90834c75df54d6e74,118.94,118.925,1.000000000000000000,1,0.01261299138112255623291990750,0.01261299138112255623291990750,118.94,118.925,False,False
2026-10-04T11:00:30.605Z,LITE,0x64748bea17b6d19e242adf20425de2440c656142,0x0facafb97ffdba3cae88512070af49bd30674cd9,1094.21,1087.556,1.000000000000000000,1,0.6118305632077796453699855456,0.6118305632077796453699855456,1094.21,1087.556,False,False
2026-10-04T11:00:30.605Z,META,0x7425889fe94f9d693e8daefe88bcced6acfef4c0,0xd7df5863a3e742f0c767768cdfcb63f09e0422f6,729.8899723717343335755,733.293406870352113364571403746511,1.00054829041074495,1.002826918305349555,0.4662941850753916383002571322,0.2380142135080946962946716199,729.49,731.2262898861202,False,False
2026-10-04T11:00:30.605Z,MRVL,0x16cd4fe7e8880ecc3ba222795229e20489fc2c76,0x1501ec83ffef405b4331cc4f73277a40fb0c627d,273.76,274.69839809905073424355742402861253,1,1.001483825466955279,0.3427813044457679148003448380,0.1941107313037222384570426651,273.76,274.29139753801707,False,False
2026-10-04T11:00:30.605Z,MSFT,0x80106cb3ead06659a5ad19df39d9b4733863b9b0,0x6bfe75d1ad432050ea973c3a3dcd88f02e2444c3,518.73069948192569405225,523.6406169577430184485776420671459,1.001313964833366845,1.005730856892783903,0.9465253320694204027380542102,0.5031960823907537882443779558,518.05,520.6568073048253,False,False
2026-10-04T11:00:30.605Z,MSTR,0xe87afb3076aeb0f9b14e368de8145ae6a2826a14,0x7313ea16493b2f55054df0131a3a14b043ec8992,163.95,164.055,1.000000000000000000,1,0.06404391582799634034766697164,0.06404391582799634034766697164,163.95,164.055,False,False
2026-10-04T11:00:30.605Z,MU,0xcdf2f3e0fa43c47a6662a91c9e4a7c5f69762699,0x8b6acf6041a81567f012ff6a4c6d96d5818d74bf,1068.18483094936420039621,1071.0026634745939703403179708442064,1.000107512568805603,1.001121237525844732,0.2637963434404308004945440955,0.1622702656478695216605653188,1068.07,1069.8031600263052,False,False
2026-10-04T11:00:30.605Z,NBIS,0xe256bc2a4f5297f8ba6f043f180a46300ecbcbb1,0xee268780473e7a0e47bac41547c6e01512555a16,241.88,242.92,1.000000000000000000,1,0.4299652720357201918306598313,0.4299652720357201918306598313,241.88,242.92,False,False
2026-10-04T11:00:30.605Z,NOK,0x7c4d7a180d737dd5a70d8065a90e6746a69c37ea,0xe9518cb0010c717db69001f1418eff9e97330137,10.58480983634390681376,10.679489625940823680090931976041377,1.002349416320445721,1.002325125021972431,0.8944873933570842399870276680,0.8969325661322632575757575758,10.56,10.654716078983567,False,False
2026-10-04T11:00:30.605Z,NVDA,0x02fca66c1d1afb4e2a7884261eb00f63598a7436,0xa9ee28c80f960b889dfbd1902055218cba016f75,234.89265689702153399415,235.691463476984658416986566610188,1.000778223752807865,1.0017152487959898,0.3400730318757160698990110695,0.2462128641498274466362745516,234.71,235.28788621344606,False,False
2026-10-04T11:00:30.605Z,ORCL,0x4684d9887fc1c71cba7bab8e88835cec217eb598,0x03e4bd1ea53f1da84513da0319d1f03dd1bbcf93,142.47,145.018744234852268373599651149638,1,1.0079328914586566,1.788969070577853845440900646,0.9878434696890082122552116235,142.47,143.87738059126593,False,False
2026-10-04T11:00:30.605Z,PLTR,0x0ca5d51d0277bd006fd9607d3e560785ebad8222,0x9351abd19f42101dd36025e495b98e910b255d78,189.62,188.733333,1.000000000000000000,1,0.4697988351638976248037753882,0.4697988351638976248037753882,189.62,188.733333,False,False
2026-10-04T11:00:30.605Z,QCOM,0x5f7a56e877b9130608bf8be962621011182fefe1,0xfbd4d681c92ead6af0e49950c8b2e47eeacbb2db,187.4102671458330623887,191.98146631582851634042030406070144,1.003804323223530061,1.018536802088982624,2.439140202728797722766678956,0.9574240144314729512587038029,186.7,188.48751063494356,False,False
2026-10-04T11:00:30.605Z,RKLB,0xc8da12cbcce7c45180692a6420b0076e03a5179a,0xb4d695569236273745b4cd54b539b1b9cc1513af,74.25,74.164286,1.000000000000000000,1,0.1155731479704395724918055572,0.1155731479704395724918055572,74.25,74.164286,False,False
2026-10-04T11:00:30.605Z,SKHY,0xca750ef65f295bbecd685abf54e82caf297bdb61,0x4268f2bfb23a7496504aa5ed1ee325248586299f,195.78,193.745,1.000000000000000000,1,1.050349686443521123125758084,1.050349686443521123125758084,195.78,193.745,False,False
2026-10-04T11:00:30.605Z,SNDK,0x3ee4df61bd4f867e349beae8bfe07bc31b4850fb,0x4fd67cb8cfedc718bac984b5936abe3330d0a2a4,1717.48,1718.035,1.000000000000000000,1,0.03231478678063208887439737290,0.03231478678063208887439737290,1717.48,1718.035,False,False
2026-10-04T11:00:30.605Z,SPCX,0xbe9d156892e55e7154bcd3cb0fea677f9d3103e1,0xd0a58bc9d88d3ff48c0294cb7e45937d0e41a928,159.15,159.225,1.000000000000000000,1,0.04712535344015080113100848256,0.04712535344015080113100848256,159.15,159.225,False,False
2026-10-04T11:00:30.605Z,TSLA,0x5b1910eaad6450e50f816082aa078c41f10c292f,0x2494b603319d4d9f9715c9f4496d9e0364b59d93,371.42,371.715,1.000000000000000000,1,0.07942490980561089871304722417,0.07942490980561089871304722417,371.42,371.715,False,False
2026-10-04T11:00:30.605Z,TSM,0xab78b89b5bb00236be0b4b20704cbfa04efc711c,0xc37042a7a4fa510d8884a433762ab87257b91965,474.85004343323700829455,482.6785949358849046685371062867996,1.002110464141050983,1.009320746408453452,1.648636577148923747596130743,0.9224894485717632162076606521,473.85,478.2212162520573,False,False
2026-10-04T11:00:30.605Z,WDC,0xebe29695f8047c13d36e7a790ca8c1b239ffad1c,0xceb29848d04ad3cb46e1fe8e45b82ffac39d797d,414.90332558392401363141,415.73572150305264433432219837622,1.000224983929808861,1.00040472067533532,0.2006240653668269850842286364,0.1826216172605530242761746342,414.81,415.5675327305585,False,False
