captured_at,source,ticker,provider,contract,decimals,token_to_share_ratio,listed_multiplier_raw,token_price_usd_latest,per_share_math_usd,normalization_state,rights_and_corporate_action_verified
2026-10-04T11:00:30.605Z,binance_web3_rwa_tokens,AAL,ondo,0x02d608506ca0048d0d991a11f1e7fb8cad1e44f8,18,1,,,,ratio_or_price_unverified,False
2026-10-04T11:00:30.605Z,binance_web3_rwa_tokens,AAOI,bstock,0x10343ef7da3301493d7ecb647d68a288c6c1db2f,18,1.000000000000000000,,116.64000000,116.64,math_only_not_equivalence,False
2026-10-04T11:00:30.605Z,binance_web3_rwa_tokens,AAOI,ondo,0x149bda9e7251dc36f536d1fe7f92a5ea203f4f3d,18,1,,,,ratio_or_price_unverified,False
2026-10-04T11:00:30.605Z,binance_web3_rwa_tokens,AAON,ondo,0x0b61036b5182a29a228d8ed9e647a16f62bad1bc,18,1.000898203596656132,,,,ratio_or_price_unverified,False
2026-10-04T11:00:30.605Z,binance_web3_rwa_tokens,AAPL,ondo,0x390a684ef9cade28a7ad0dfa61ab1eb3842618c4,18,1.003376073740221058,,334.550667386833206264,333.4250000000000000003488224,math_only_not_equivalence,False
2026-10-04T11:00:30.605Z,binance_public_stock_list_type_2,AAPL,xstocks_public_listing,0x9d275685dc284c8eb1c79f6aba7a63dc75ec890a,18,,1,,,ratio_or_price_unverified,False
2026-10-04T11:00:30.605Z,binance_web3_rwa_tokens,ABBV,ondo,0x8677abad7b458bf16a0fb2676dfc7d3f55ac202a,18,1.016546279555654879,,,,ratio_or_price_unverified,False
2026-10-04T11:00:30.605Z,binance_public_stock_list_type_2,ABBV,xstocks_public_listing,0xfbf2398df672cee4afcc2a4a733222331c742a6a,18,,1,,,ratio_or_price_unverified,False
2026-10-04T11:00:30.605Z,binance_web3_rwa_tokens,ABNB,ondo,0xef80743f78d98fc2b47a2253b293152ce8b879ba,18,1,,,,ratio_or_price_unverified,False
2026-10-04T11:00:30.605Z,binance_web3_rwa_tokens,ABT,ondo,0x5a20886b575058dd7299785f0ea9b1172942a3e0,18,1.016057851422025191,,,,ratio_or_price_unverified,False
2026-10-04T11:00:30.605Z,binance_public_stock_list_type_2,ABT,xstocks_public_listing,0x89233399708c18ac6887f90a2b4cd8ba5fedd06e,18,,1,,,ratio_or_price_unverified,False
2026-10-04T11:00:30.605Z,binance_web3_rwa_tokens,ACHR,ondo,0x91c62325f901ee29da8e521cfe68980332a4ca06,18,1,,,,ratio_or_price_unverified,False
2026-10-04T11:00:30.605Z,binance_web3_rwa_tokens,ACLS,ondo,0xf2e14fce9259c8a7903c4be5326058ae2d004fc7,18,1,,,,ratio_or_price_unverified,False
2026-10-04T11:00:30.605Z,binance_web3_rwa_tokens,ACMR,ondo,0xc5efd0c3a8ff6d9816da7b56625ab4c398eb9e08,18,1,,,,ratio_or_price_unverified,False
2026-10-04T11:00:30.605Z,binance_web3_rwa_tokens,ACN,ondo,0x7af44d51d1fb88c5b74fc71d3cba649bb8099d14,18,1.030852839739623902,,,,ratio_or_price_unverified,False
2026-10-04T11:00:30.605Z,binance_public_stock_list_type_2,ACN,xstocks_public_listing,0x03183ce31b1656b72a55fa6056e287f50c35bbeb,18,,1,,,ratio_or_price_unverified,False
2026-10-04T11:00:30.605Z,binance_web3_rwa_tokens,ADBE,ondo,0xcb22db0ecb6fe58b7b47db443dcfdfdfbf729cef,18,1,,,,ratio_or_price_unverified,False
2026-10-04T11:00:30.605Z,binance_public_stock_list_type_2,ADBE,xstocks_public_listing,0x16e0b579be45baae54ceddd52e742b6457a7fe12,18,,1,,,ratio_or_price_unverified,False
2026-10-04T11:00:30.605Z,binance_web3_rwa_tokens,ADI,ondo,0x0e246e05212dbbd78a354c072a92b4e5723b2fa0,18,1.006251588366643087,,,,ratio_or_price_unverified,False
2026-10-04T11:00:30.605Z,binance_web3_rwa_tokens,AEHR,ondo,0xdce0957e22f7baf2aa1a50d854e03cee6f215004,18,1,,,,ratio_or_price_unverified,False
2026-10-04T11:00:30.605Z,binance_web3_rwa_tokens,AG,ondo,0xa2a97e3d6140e8ccd058f3b84230f3e1a349b1a3,18,1.000563369423569301,,,,ratio_or_price_unverified,False
2026-10-04T11:00:30.605Z,binance_web3_rwa_tokens,AGG,ondo,0x08ce97f3d5cf11e577d091ab048bc5e2eae3fabb,18,1.041700035749899181,,,,ratio_or_price_unverified,False
2026-10-04T11:00:30.605Z,binance_web3_rwa_tokens,AIP,ondo,0xae922b6cc2371b6dce592a82fac15ef890a7d467,18,1,,,,ratio_or_price_unverified,False
2026-10-04T11:00:30.605Z,binance_web3_rwa_tokens,AIQ,ondo,0x333932f15e6e14f4a630163d3224548a721ddfa4,18,1.000004923287585971,,,,ratio_or_price_unverified,False
2026-10-04T11:00:30.605Z,binance_web3_rwa_tokens,ALAB,ondo,0x573e11cc667a8e5be0c7af2410403371088d3d0d,18,1,,,,ratio_or_price_unverified,False
2026-10-04T11:00:30.605Z,binance_web3_rwa_tokens,ALB,ondo,0x0b790abd6594918de1022233b7cc79badb84d92a,18,1.005831835145573562,,,,ratio_or_price_unverified,False
2026-10-04T11:00:30.605Z,binance_web3_rwa_tokens,ALOY,ondo,0x941e3a7a6fc97b094c63a0348367cf90d93ff090,18,1,,,,ratio_or_price_unverified,False
2026-10-04T11:00:30.605Z,binance_web3_rwa_tokens,AMAT,ondo,0x5ecc352c4640f1d26bd231dbbd171f40f7d0eec6,18,1.002501637568568532,,,,ratio_or_price_unverified,False
2026-10-04T11:00:30.605Z,binance_public_stock_list_type_2,AMBR,xstocks_public_listing,0x2f9a35ab5ddfbc49927bfdeab98a86c53dc6e763,18,,1,,,ratio_or_price_unverified,False
2026-10-04T11:00:30.605Z,binance_web3_rwa_tokens,AMC,ondo,0x1d7b5e06fdbe4fd33f5c64c081e32b5d539751d0,18,1,,,,ratio_or_price_unverified,False
2026-10-04T11:00:30.605Z,binance_web3_rwa_tokens,AMD,bstock,0x75fd4cf6f8392e41e70391d60c90c0d5211603a1,18,1.000000000000000000,,633.90000000,633.9,math_only_not_equivalence,False
2026-10-04T11:00:30.605Z,binance_web3_rwa_tokens,AMD,ondo,0x9f16e46c73b43bdb70861247d537bee4ea18f639,18,1,,,,ratio_or_price_unverified,False
2026-10-04T11:00:30.605Z,binance_public_stock_list_type_2,AMD,xstocks_public_listing,0x3522513e5f146a2006e2901b05f16b2821485e19,18,,1,,,ratio_or_price_unverified,False
2026-10-04T11:00:30.605Z,binance_web3_rwa_tokens,AME,ondo,0x7a5bd36047a9d15c90fa79b0654de8dd9d6ebbb1,18,1.002043194949002317,,,,ratio_or_price_unverified,False
2026-10-04T11:00:30.605Z,binance_web3_rwa_tokens,AMGN,ondo,0xfbdf0366f800cc79d6663da26bc0bf21fb455aa6,18,1.014242845562430826,,,,ratio_or_price_unverified,False
2026-10-04T11:00:30.605Z,binance_web3_rwa_tokens,AMKR,ondo,0xb84e150a1d18380cfeeebcde8756368dd489a1a3,18,1.001281543182814555,,,,ratio_or_price_unverified,False
2026-10-04T11:00:30.605Z,binance_web3_rwa_tokens,AMZN,ondo,0x4553cfe1c09f37f38b12dc509f676964e392f8fc,18,1,,,,ratio_or_price_unverified,False
2026-10-04T11:00:30.605Z,binance_public_stock_list_type_2,AMZN,xstocks_public_listing,0x3557ba345b01efa20a1bddc61f573bfd87195081,18,,1,,,ratio_or_price_unverified,False
2026-10-04T11:00:30.605Z,binance_web3_rwa_tokens,ANET,ondo,0x538e2838f9ebc9b891399df4a8dcc42890d9dc20,18,1,,,,ratio_or_price_unverified,False
2026-10-04T11:00:30.605Z,binance_web3_rwa_tokens,AOSL,ondo,0x55b8cc618c4209a97250dff926d3d708814d36aa,18,1,,,,ratio_or_price_unverified,False
2026-10-04T11:00:30.605Z,binance_web3_rwa_tokens,APH,ondo,0x70afc3a600f843d2018df16b0b316e4bc9c603e9,18,2.004270673342698199,,,,ratio_or_price_unverified,False
2026-10-04T11:00:30.605Z,binance_web3_rwa_tokens,APLD,ondo,0x18de24acb876c0b8392d9c55583bb21c0355980b,18,1,,,,ratio_or_price_unverified,False
2026-10-04T11:00:30.605Z,binance_web3_rwa_tokens,APO,ondo,0x5630b5741a33371d9d935283849a16dc808f7f3a,18,1.011618480311991279,,,,ratio_or_price_unverified,False
2026-10-04T11:00:30.605Z,binance_web3_rwa_tokens,APP,ondo,0xedb3124e96c64c177eb709cbc64f9977db40ea74,18,1,,,,ratio_or_price_unverified,False
2026-10-04T11:00:30.605Z,binance_public_stock_list_type_2,APP,xstocks_public_listing,0x50a1291f69d9d3853def8209cfb1af0b46927be1,18,,1,,,ratio_or_price_unverified,False
2026-10-04T11:00:30.605Z,binance_web3_rwa_tokens,ARGT,ondo,0x2b08f1c28cb1ede3b11d397929f00215fa97ecfa,18,1.002563501565379468,,,,ratio_or_price_unverified,False
2026-10-04T11:00:30.605Z,binance_web3_rwa_tokens,ARM,bstock,0xd42a79ebb7f527f40faecd196ffb47ad5e8d6f8c,18,1.000000000000000000,,308.52000000,308.52,math_only_not_equivalence,False
2026-10-04T11:00:30.605Z,binance_web3_rwa_tokens,ARM,ondo,0x527c6436e1eaa4f2065cde4090f798cb5d031dd6,18,1,,,,ratio_or_price_unverified,False
2026-10-04T11:00:30.605Z,binance_web3_rwa_tokens,ARQQ,ondo,0x1161989389a991532dce453d04d6346c2581c907,18,1,,,,ratio_or_price_unverified,False
2026-10-04T11:00:30.605Z,binance_web3_rwa_tokens,ASML,ondo,0xb034f6cb52b7f2fd5a7eeeffca6b9adcd6b9a6f6,18,1.005342942673895318,,,,ratio_or_price_unverified,False
2026-10-04T11:00:30.605Z,binance_public_stock_list_type_2,ASML,xstocks_public_listing,0xc0b417e7f83db438631eb5e096684dd742e5294f,18,,1,,,ratio_or_price_unverified,False
2026-10-04T11:00:30.605Z,binance_web3_rwa_tokens,ASTS,ondo,0x45abf29515bc23f8c0ed2a06584444ce473a75fb,18,1,,,,ratio_or_price_unverified,False
2026-10-04T11:00:30.605Z,binance_public_stock_list_type_2,ASTS,xstocks_public_listing,0x89b2607878ae19bab8020b8140ed550ef3e953bb,18,,1,,,ratio_or_price_unverified,False
2026-10-04T11:00:30.605Z,binance_web3_rwa_tokens,ATKR,ondo,0xafaa2087093b7b396adab8216506d9066c6a6f13,18,1.002464055010849469,,,,ratio_or_price_unverified,False
2026-10-04T11:00:30.605Z,binance_web3_rwa_tokens,AUR,ondo,0x66a1409fe303d00209202933e3d31ee43aaab39d,18,1,,,,ratio_or_price_unverified,False
2026-10-04T11:00:30.605Z,binance_web3_rwa_tokens,AVGO,bstock,0x76682c454467b3a1150ad8b6a92fc5ee2c21d7ed,18,1.001269208611258122,,356.69000000,356.2378598406341032795595355,math_only_not_equivalence,False
2026-10-04T11:00:30.605Z,binance_web3_rwa_tokens,AVGO,ondo,0x0ed2e3180edf393e6bf8db124bd15ddd54de150a,18,1.006414494428012574,,,,ratio_or_price_unverified,False
2026-10-04T11:00:30.605Z,binance_public_stock_list_type_2,AVGO,xstocks_public_listing,0x38bac69cbbd28156796e4163b2b6dcb81e336565,18,,1,,,ratio_or_price_unverified,False
2026-10-04T11:00:30.605Z,binance_web3_rwa_tokens,AXP,ondo,0xd803f8777187d6dee1ea57854aeb957043fb1675,18,1.0074362936565311,,,,ratio_or_price_unverified,False
2026-10-04T11:00:30.605Z,binance_web3_rwa_tokens,AXTI,bstock,0x9bdc8b470dbf89dbcb123587c6f5e49cca3463be,18,1.000000000000000000,,85.99000000,85.99,math_only_not_equivalence,False
2026-10-04T11:00:30.605Z,binance_web3_rwa_tokens,AXTI,ondo,0x0c50323af81d5c33822c6add256fb9093d42bc74,18,1,,,,ratio_or_price_unverified,False
2026-10-04T11:00:30.605Z,binance_public_stock_list_type_2,AZN,xstocks_public_listing,0x5d642505fe1a28897eb3baba665f454755d8daa2,18,,1,,,ratio_or_price_unverified,False
2026-10-04T11:00:30.605Z,binance_web3_rwa_tokens,BA,ondo,0xf21132a811ad1a878e21af60f64d4e690c9daa42,18,1,,,,ratio_or_price_unverified,False
2026-10-04T11:00:30.605Z,binance_web3_rwa_tokens,BABA,bstock,0x4ef9d3062c7f6eba4aae4990c5036598c6eff4ec,18,1,,106.46000000,106.46000000,math_only_not_equivalence,False
2026-10-04T11:00:30.605Z,binance_web3_rwa_tokens,BABA,ondo,0xd5964f3fcee8d649995ab88f04b8982539c282d2,18,1.00891343515435611,,,,ratio_or_price_unverified,False
2026-10-04T11:00:30.605Z,binance_web3_rwa_tokens,BAC,ondo,0xd615468088b19fb9d4f03cb3ce9e33876ff3db99,18,1.011177383973215521,,,,ratio_or_price_unverified,False
2026-10-04T11:00:30.605Z,binance_public_stock_list_type_2,BAC,xstocks_public_listing,0x314938c596f5ce31c3f75307d2979338c346d7f2,18,,1,,,ratio_or_price_unverified,False
2026-10-04T11:00:30.605Z,binance_web3_rwa_tokens,BAI,ondo,0x2659dd96def34ced3679901e5500779be297fe5a,18,1,,,,ratio_or_price_unverified,False
2026-10-04T11:00:30.605Z,binance_web3_rwa_tokens,BBAI,ondo,0x7ba995f1662a01f3be0dc299ce94bb7e9c7075f5,18,1,,,,ratio_or_price_unverified,False
2026-10-04T11:00:30.605Z,binance_web3_rwa_tokens,BE,ondo,0x17d03ae104a9d12e9e5794efb109b817dd7f3404,18,1,,,,ratio_or_price_unverified,False
2026-10-04T11:00:30.605Z,binance_web3_rwa_tokens,BIDU,ondo,0x467e59ce5d5fe01686d4a80dd1e1dae13549aa6c,18,1,,,,ratio_or_price_unverified,False
2026-10-04T11:00:30.605Z,binance_web3_rwa_tokens,BIL,ondo,0x03f09e2ef6e64d804a5579e21e7b519db174cf54,18,1.010811706359052875,,,,ratio_or_price_unverified,False
2026-10-04T11:00:30.605Z,binance_web3_rwa_tokens,BILI,ondo,0x91fc7371d6de682a1e8cfcb4eb7da693312a03a4,18,1,,,,ratio_or_price_unverified,False
2026-10-04T11:00:30.605Z,binance_web3_rwa_tokens,BINC,ondo,0x940f442746d9ae699e63c378d52c4494ea02684f,18,1.029683548009829072,,,,ratio_or_price_unverified,False
2026-10-04T11:00:30.605Z,binance_public_stock_list_type_2,BITX,xstocks_public_listing,0xe1435b2f302edf42ae84a306a5e1948b270b6ccb,18,,1,,,ratio_or_price_unverified,False
2026-10-04T11:00:30.605Z,binance_web3_rwa_tokens,BKCH,ondo,0x2291e5361f4ef7bb0d6703377bf497bfe4325152,18,1,,,,ratio_or_price_unverified,False
2026-10-04T11:00:30.605Z,binance_web3_rwa_tokens,BLCR,ondo,0x398ae5b33505f121c359f22b300fbcfa81db79ae,18,1.001763691603676261,,,,ratio_or_price_unverified,False
2026-10-04T11:00:30.605Z,binance_web3_rwa_tokens,BLK,ondo,0x24f5471183ea549987f245d6ce236b6108869c92,18,1.018177487531712117,,,,ratio_or_price_unverified,False
2026-10-04T11:00:30.605Z,binance_web3_rwa_tokens,BLSH,ondo,0xfbe22d27b6e153244882fd7bdfe7c6109918281b,18,1,,,,ratio_or_price_unverified,False
2026-10-04T11:00:30.605Z,binance_web3_rwa_tokens,BMNR,ondo,0x52ad57a7ea642e99a892afc79e937b383f1b59e9,18,1,,,,ratio_or_price_unverified,False
2026-10-04T11:00:30.605Z,binance_public_stock_list_type_2,BMNR,xstocks_public_listing,0xaeb681b69e5094e04d11bcef51a71358a374c3ed,18,,1,,,ratio_or_price_unverified,False
2026-10-04T11:00:30.605Z,binance_web3_rwa_tokens,BNO,ondo,0x5f2d37192576a6804f44722eb828e280d5fb43dc,18,1,,,,ratio_or_price_unverified,False
2026-10-04T11:00:30.605Z,binance_web3_rwa_tokens,BOT,ondo,0xc43ae29afe58bf90da6fe3edd570c2e735fb2850,18,1,,,,ratio_or_price_unverified,False
2026-10-04T11:00:30.605Z,binance_web3_rwa_tokens,BOTZ,ondo,0xb42f5597eadd424de67b46fe5d1ec4b61367a4e5,18,1.000336336601392134,,,,ratio_or_price_unverified,False
2026-10-04T11:00:30.605Z,binance_web3_rwa_tokens,BRHY,ondo,0x6860a2f969a8133a23421ddce21397995139d7e8,18,1.018155311481256322,,,,ratio_or_price_unverified,False
2026-10-04T11:00:30.605Z,binance_public_stock_list_type_2,BRK.B,xstocks_public_listing,0x12992613fdd35abe95dec5a4964331b1ee23b50d,18,,1,,,ratio_or_price_unverified,False
2026-10-04T11:00:30.605Z,binance_web3_rwa_tokens,BRLN,ondo,0xd41829dec8b51119176ee0a6b73bc8b2718546a9,18,1.018110603186480919,,,,ratio_or_price_unverified,False
2026-10-04T11:00:30.605Z,binance_web3_rwa_tokens,BRTR,ondo,0x463196cc72cbad2d1ac1896cde0766bfbbd64443,18,1.0129144939186005,,,,ratio_or_price_unverified,False
2026-10-04T11:00:30.605Z,binance_public_stock_list_type_2,BTBT,xstocks_public_listing,0x22e1991e5f82736a2a990322a46aac0e95826c5b,18,,1,,,ratio_or_price_unverified,False
2026-10-04T11:00:30.605Z,binance_web3_rwa_tokens,BTDR,ondo,0x3a562836afb1026f5d7a6b6da1125d27fdfee372,18,1,,,,ratio_or_price_unverified,False
2026-10-04T11:00:30.605Z,binance_web3_rwa_tokens,BTG,ondo,0xe2ac868f2fd097086d83bc939248e5ae08d35da4,18,1.008927503857800006,,,,ratio_or_price_unverified,False
2026-10-04T11:00:30.605Z,binance_web3_rwa_tokens,BTGO,ondo,0x5fa699c0c1319b8d86489af77dfde4fa97b47df8,18,1,,,,ratio_or_price_unverified,False
2026-10-04T11:00:30.605Z,binance_web3_rwa_tokens,BWET,ondo,0x472f46c5d7409c82234701eff7d4dda4c28b5a93,18,1,,,,ratio_or_price_unverified,False
2026-10-04T11:00:30.605Z,binance_web3_rwa_tokens,BZ,ondo,0xc2c7fcddc37f6737ca2481ebda6b81ee279fe20c,18,1,,,,ratio_or_price_unverified,False
2026-10-04T11:00:30.605Z,binance_web3_rwa_tokens,C,ondo,0x8ddb97556f6ae98b4d408c56b167139fe1cbe3e8,18,1.010521230925402007,,,,ratio_or_price_unverified,False
2026-10-04T11:00:30.605Z,binance_web3_rwa_tokens,CAMT,ondo,0xc2f65e745fd13af1d00d5c81dd33f762fb81c264,18,1,,,,ratio_or_price_unverified,False
2026-10-04T11:00:30.605Z,binance_web3_rwa_tokens,CAPR,ondo,0x812fc2943371c952c6c8daf99fe665eb0e40cd27,18,1,,,,ratio_or_price_unverified,False
2026-10-04T11:00:30.605Z,binance_web3_rwa_tokens,CAT,ondo,0x274b0cb6db9473245a31cdea9b789786f4108e4b,18,1.004290909865719845,,,,ratio_or_price_unverified,False
2026-10-04T11:00:30.605Z,binance_web3_rwa_tokens,CBRS,bstock,0xe81c6bb0266cd68b4f17278531dd03ea1f12da4e,18,1.000000000000000000,,181.29000000,181.29,math_only_not_equivalence,False
2026-10-04T11:00:30.605Z,binance_web3_rwa_tokens,CBRS,ondo,0x441a4d4fc23f17f4cf23e3d60f12d2bd6f176728,18,1,,,,ratio_or_price_unverified,False
2026-10-04T11:00:30.605Z,binance_web3_rwa_tokens,CCJ,ondo,0xa75f08b9a91439daac9cc7072857cc0a98cf527a,18,1,,,,ratio_or_price_unverified,False
2026-10-04T11:00:30.605Z,binance_web3_rwa_tokens,CEG,ondo,0x65d84f0990b7394209d591380c2952c83d778aa3,18,1.003106294412029421,,,,ratio_or_price_unverified,False
2026-10-04T11:00:30.605Z,binance_web3_rwa_tokens,CEVA,ondo,0x8b68b3d3173c406d2c5f4f2107d54e6562a23120,18,1,,,,ratio_or_price_unverified,False
2026-10-04T11:00:30.605Z,binance_web3_rwa_tokens,CIBR,ondo,0xdcd4536508060dab8f43c334b3a6c72c39528da5,18,1.001897305180188267,,,,ratio_or_price_unverified,False
2026-10-04T11:00:30.605Z,binance_web3_rwa_tokens,CIEN,ondo,0x89a9f7114be6b220fae645ba0cbb720889867415,18,1,,,,ratio_or_price_unverified,False
2026-10-04T11:00:30.605Z,binance_web3_rwa_tokens,CIFR,ondo,0xdad07d0ca26ed4109bc00893dbee3ed4ce8ce2a4,18,1,,,,ratio_or_price_unverified,False
2026-10-04T11:00:30.605Z,binance_web3_rwa_tokens,CLF,ondo,0xac38a6608868e2f487d7993ea7339c69e5ab077b,18,1,,,,ratio_or_price_unverified,False
2026-10-04T11:00:30.605Z,binance_web3_rwa_tokens,CLOA,ondo,0x4ef383f521e803863a33fca8f3f861e53ef9ef9b,18,1.024642582346356964,,,,ratio_or_price_unverified,False
2026-10-04T11:00:30.605Z,binance_web3_rwa_tokens,CLOI,ondo,0xd7e3317d54473dab04135fb0676623f237ff5ca9,18,1.026130692820631469,,,,ratio_or_price_unverified,False
2026-10-04T11:00:30.605Z,binance_web3_rwa_tokens,CLS,ondo,0x7b695132b165cb6703f0212bbb1e91a782526156,18,1,,,,ratio_or_price_unverified,False
2026-10-04T11:00:30.605Z,binance_public_stock_list_type_2,CLSK,xstocks_public_listing,0xd0194f0f077968da8ca59811e9407f54ae6c9432,18,,1,,,ratio_or_price_unverified,False
2026-10-04T11:00:30.605Z,binance_public_stock_list_type_2,CMCSA,xstocks_public_listing,0xbc7170a1280be28513b4e940c681537eb25e39f4,18,,1,,,ratio_or_price_unverified,False
2026-10-04T11:00:30.605Z,binance_web3_rwa_tokens,CMG,ondo,0xaed5985afc12aa09d87f55b4b1e6bc3b8f7b0208,18,1,,,,ratio_or_price_unverified,False
2026-10-04T11:00:30.605Z,binance_web3_rwa_tokens,COF,ondo,0x53a8c5fc5643b437779742f494691e6b7c660a8b,18,1.008133280098686719,,,,ratio_or_price_unverified,False
2026-10-04T11:00:30.605Z,binance_web3_rwa_tokens,COHR,ondo,0x0585756aafb241b0f8a9df62db26c566091bde0b,18,1,,,,ratio_or_price_unverified,False
2026-10-04T11:00:30.605Z,binance_web3_rwa_tokens,COHU,ondo,0x58ce0de0ced164f2aeab5fcf81d67f3c61cb562c,18,1,,,,ratio_or_price_unverified,False
2026-10-04T11:00:30.605Z,binance_web3_rwa_tokens,COIN,bstock,0x585bde7c54abb5ccd7791f923d6c2187635f3952,18,1.000000000000000000,,185.39000000,185.39,math_only_not_equivalence,False
2026-10-04T11:00:30.605Z,binance_web3_rwa_tokens,COIN,ondo,0xf8589b526fdd65f7f301c605a6e04f0f1b4b3620,18,1,,185.42,185.42,math_only_not_equivalence,False
2026-10-04T11:00:30.605Z,binance_public_stock_list_type_2,COIN,xstocks_public_listing,0x364f210f430ec2448fc68a49203040f6124096f0,18,,1,,,ratio_or_price_unverified,False
2026-10-04T11:00:30.605Z,binance_web3_rwa_tokens,COP,ondo,0x0d586b51a90dc999f9bb6a0506da7f034a1d3a2e,18,1.015212108391859592,,,,ratio_or_price_unverified,False
2026-10-04T11:00:30.605Z,binance_web3_rwa_tokens,COPX,ondo,0xec93fe7ff4b09ca3ccafbc4cc9615e62be412780,18,1.002369858267716535,,,,ratio_or_price_unverified,False
2026-10-04T11:00:30.605Z,binance_web3_rwa_tokens,CORO,ondo,0x23def658ea0b4081161d9ab8fdfeef5345bcafbd,18,1.011642674002343802,,,,ratio_or_price_unverified,False
2026-10-04T11:00:30.605Z,binance_web3_rwa_tokens,CORZ,ondo,0x25ed86472cf3012607dc6576c58e6432968255c2,18,1,,,,ratio_or_price_unverified,False
2026-10-04T11:00:30.605Z,binance_public_stock_list_type_2,CORZ,xstocks_public_listing,0x51ed5b74a05f256dbd9ebb4e4f68bb41ba10160b,18,,1,,,ratio_or_price_unverified,False
2026-10-04T11:00:30.605Z,binance_web3_rwa_tokens,COST,ondo,0x34375f826fd3dd4e15f883d4f4786bb45eb705ac,18,1.005056215448151263,,,,ratio_or_price_unverified,False
2026-10-04T11:00:30.605Z,binance_web3_rwa_tokens,CPER,ondo,0x0888edfec4c0a66fce074796cf4f6509c00f6c49,18,1,,,,ratio_or_price_unverified,False
2026-10-04T11:00:30.605Z,binance_web3_rwa_tokens,CPNG,ondo,0x19904bc04c09e5d29ed216ddd105bdf103a0ba2d,18,1,,,,ratio_or_price_unverified,False
2026-10-04T11:00:30.605Z,binance_web3_rwa_tokens,CRCL,bstock,0x80f3d493ebce97e343c53d29a137942416b4ffc0,18,1.000000000000000000,,83.22000000,83.22,math_only_not_equivalence,False
2026-10-04T11:00:30.605Z,binance_web3_rwa_tokens,CRCL,ondo,0x992879cd8ce0c312d98648875b5a8d6d042cbf34,18,1,,,,ratio_or_price_unverified,False
2026-10-04T11:00:30.605Z,binance_public_stock_list_type_2,CRCL,xstocks_public_listing,0xfebded1b0986a8ee107f5ab1a1c5a813491deceb,18,,1,,,ratio_or_price_unverified,False
2026-10-04T11:00:30.605Z,binance_web3_rwa_tokens,CRDO,ondo,0xf157481bebd0c0686780fd0f61806c900a6137e8,18,1,,,,ratio_or_price_unverified,False
2026-10-04T11:00:30.605Z,binance_web3_rwa_tokens,CRM,ondo,0xd04a2bb053277721a8321d7441eed5b42fdf7250,18,1.007124163348934609,,,,ratio_or_price_unverified,False
2026-10-04T11:00:30.605Z,binance_public_stock_list_type_2,CRM,xstocks_public_listing,0x4a4073f2eaf299a1be22254dcd2c41727f6f54a2,18,,1,,,ratio_or_price_unverified,False
2026-10-04T11:00:30.605Z,binance_web3_rwa_tokens,CRWD,ondo,0xe6837794fbc6dd024733a1a31f86061296fa2752,18,4,,,,ratio_or_price_unverified,False
2026-10-04T11:00:30.605Z,binance_public_stock_list_type_2,CRWD,xstocks_public_listing,0x214151022c2a5e380ab80cdac31f23ae554a7345,18,,1,,,ratio_or_price_unverified,False
2026-10-04T11:00:30.605Z,binance_web3_rwa_tokens,CRWV,bstock,0x33e7317e17838fee56b10fe8d0b9ca6ca3090c95,18,1.000000000000000000,,89.51000000,89.51,math_only_not_equivalence,False
2026-10-04T11:00:30.605Z,binance_web3_rwa_tokens,CRWV,ondo,0x76e39171cb665a35981e744e2ceb7012f76caeac,18,1,,,,ratio_or_price_unverified,False
2026-10-04T11:00:30.605Z,binance_web3_rwa_tokens,CSCO,ondo,0x34304f2f7cc487eb4186e6d69f5905a613474aa2,18,1.017022385620839636,,,,ratio_or_price_unverified,False
2026-10-04T11:00:30.605Z,binance_public_stock_list_type_2,CSCO,xstocks_public_listing,0x053c784cd87b74f42e0c089f98643e79c1a3ff16,18,,1,,,ratio_or_price_unverified,False
2026-10-04T11:00:30.605Z,binance_web3_rwa_tokens,CVNA,ondo,0xc145dc2ebdbe8ead1fecdebf46c76eb1fdd0104d,18,5,,,,ratio_or_price_unverified,False
2026-10-04T11:00:30.605Z,binance_web3_rwa_tokens,CVX,ondo,0xd3113a0ad20a46f6a662c63fe8e637f7713e59c7,18,1.027471414431826772,,,,ratio_or_price_unverified,False
2026-10-04T11:00:30.605Z,binance_public_stock_list_type_2,CVX,xstocks_public_listing,0xad5cdc3340904285b8159089974a99a1a09eb4c0,18,,1,,,ratio_or_price_unverified,False
2026-10-04T11:00:30.605Z,binance_web3_rwa_tokens,DASH,ondo,0x7567c2a46bce46373b454682f3d95e6535bde144,18,1,,,,ratio_or_price_unverified,False
2026-10-04T11:00:30.605Z,binance_public_stock_list_type_2,DAX,xstocks_public_listing,0xfe7b11d43cfd9fd6010f1b3f9cc86e5bcdb2bc78,18,,1,,,ratio_or_price_unverified,False
2026-10-04T11:00:30.605Z,binance_web3_rwa_tokens,DBC,ondo,0xfc2067e3e6a289c205151d96ef67a032f339566d,18,1,,,,ratio_or_price_unverified,False
2026-10-04T11:00:30.605Z,binance_web3_rwa_tokens,DE,ondo,0x90ccbb75d61cb65cd73a3abb5df04a75961612b7,18,1.007956849489990672,,,,ratio_or_price_unverified,False
2026-10-04T11:00:30.605Z,binance_web3_rwa_tokens,DELL,ondo,0xf26518958935654878de15be7bc79a26971583ba,18,1.00115351142125008,,,,ratio_or_price_unverified,False
2026-10-04T11:00:30.605Z,binance_public_stock_list_type_2,DFDV,xstocks_public_listing,0x521860bb5df5468358875266b89bfe90d990c6e7,18,,1,,,ratio_or_price_unverified,False
2026-10-04T11:00:30.605Z,binance_web3_rwa_tokens,DGRW,ondo,0x1cd89241b26fcdc421fd02907d6504c8abbfe1bc,18,1.007865939900596826,,,,ratio_or_price_unverified,False
2026-10-04T11:00:30.605Z,binance_web3_rwa_tokens,DGXX,ondo,0x09f5a6ee1b46787dd252827e40502c4980a0285d,18,1,,,,ratio_or_price_unverified,False
2026-10-04T11:00:30.605Z,binance_public_stock_list_type_2,DHR,xstocks_public_listing,0xdba228936f4079daf9aa906fd48a87f2300405f4,18,,1,,,ratio_or_price_unverified,False
2026-10-04T11:00:30.605Z,binance_web3_rwa_tokens,DIS,ondo,0xeee9eee593cb8f7946260b4066cba7907f40acfa,18,1.010066831424328193,,,,ratio_or_price_unverified,False
2026-10-04T11:00:30.605Z,binance_web3_rwa_tokens,DNN,ondo,0x70bd780076e25d087ed9c35f4e4a540522abe8cf,18,1,,,,ratio_or_price_unverified,False
2026-10-04T11:00:30.605Z,binance_web3_rwa_tokens,DRAM,bstock,0x93862d63fd9fd488b1328e9b47717d75e994a84b,18,1.000000000000000000,,,,ratio_or_price_unverified,False
2026-10-04T11:00:30.605Z,binance_web3_rwa_tokens,DRAM,ondo,0x087b5761b161429013d41ea54cd2fb6022a21564,18,1,,,,ratio_or_price_unverified,False
2026-10-04T11:00:30.605Z,binance_web3_rwa_tokens,DRS,ondo,0x2a0a317660f497d4c4836d1ef5faf5970e69437b,18,1.001395142825753725,,,,ratio_or_price_unverified,False
2026-10-04T11:00:30.605Z,binance_web3_rwa_tokens,DTCR,ondo,0xec4c1944682b8c7ba6c825e9a8b2b32cb5ecace5,18,1.00258759858044164,,,,ratio_or_price_unverified,False
2026-10-04T11:00:30.605Z,binance_web3_rwa_tokens,DYNF,ondo,0x96a1b43c8146e6d1f6e66b226a3c520cbe3d8a50,18,1.00273784182869486,,,,ratio_or_price_unverified,False
2026-10-04T11:00:30.605Z,binance_web3_rwa_tokens,ECH,ondo,0x551f8db0da800c910e12cf991eac306714481685,18,1.010881845661695347,,,,ratio_or_price_unverified,False
2026-10-04T11:00:30.605Z,binance_web3_rwa_tokens,ECO,ondo,0x660ab35be0f102a1d4d4b60a96ac3abfd345e038,18,1.062082946194779965,,,,ratio_or_price_unverified,False
2026-10-04T11:00:30.605Z,binance_web3_rwa_tokens,EEM,ondo,0x00c81d35eddf44c75d4db9e07bdcdc236eb0ebcf,18,1.013664147460543285,,,,ratio_or_price_unverified,False
2026-10-04T11:00:30.605Z,binance_web3_rwa_tokens,EFA,ondo,0x38b9a53bfdc5dba58a29bd6992341927c2fca637,18,1.023822468085707436,,,,ratio_or_price_unverified,False
2026-10-04T11:00:30.605Z,binance_web3_rwa_tokens,EFV,ondo,0x40375e3dd70232eaf264706e5662b90a079e3d31,18,1.018574959074742058,,,,ratio_or_price_unverified,False
2026-10-04T11:00:30.605Z,binance_web3_rwa_tokens,EMR,ondo,0x60b273bdf00a9a52238ca706257f61efc55bdee0,18,1.002419608612830099,,,,ratio_or_price_unverified,False
2026-10-04T11:00:30.605Z,binance_web3_rwa_tokens,ENB,ondo,0x5397cb3f1e419050d9d7160756de0f4ed4f5f898,18,1.01320947424736151,,,,ratio_or_price_unverified,False
2026-10-04T11:00:30.605Z,binance_public_stock_list_type_2,ENHA,xstocks_public_listing,0xe75aff5123d9de91a1c27167c6c01b1f5b1eab14,18,,1,,,ratio_or_price_unverified,False
2026-10-04T11:00:30.605Z,binance_web3_rwa_tokens,ENLV,ondo,0x5a9d924fc336a5ec8cf3b1909aa660533b50b015,18,0.066667,,,,ratio_or_price_unverified,False
2026-10-04T11:00:30.605Z,binance_web3_rwa_tokens,ENPH,ondo,0x30938154e2697694f41592c2e48459287debe4bf,18,1,,,,ratio_or_price_unverified,False
2026-10-04T11:00:30.605Z,binance_web3_rwa_tokens,ENTG,ondo,0xfb4a89a077b9020c7101b1af760beb708f37a416,18,1.000591343350042021,,,,ratio_or_price_unverified,False
2026-10-04T11:00:30.605Z,binance_web3_rwa_tokens,EQIX,ondo,0xe4e12c9cec3e8cae405202a97f66afa695075fa0,18,1.015011450200885668,,,,ratio_or_price_unverified,False
2026-10-04T11:00:30.605Z,binance_web3_rwa_tokens,EQT,ondo,0x9a1c88ac479906a7f03e76605b15b72df10d8e51,18,1.002182402230789206,,,,ratio_or_price_unverified,False
2026-10-04T11:00:30.605Z,binance_web3_rwa_tokens,ETHA,ondo,0x04b16ff1f9673146f68aa5d5f57aa45adcf068e1,18,1,,,,ratio_or_price_unverified,False
2026-10-04T11:00:30.605Z,binance_web3_rwa_tokens,ETN,ondo,0x4697b2a050f7b5a8e1ebc27c325f9d78d094f041,18,1.003880763533020335,,,,ratio_or_price_unverified,False
2026-10-04T11:00:30.605Z,binance_web3_rwa_tokens,EUHY,ondo,0x93eb8376ec73dd07f46ba7ae1ee9b0bbd937ad93,18,1.012072719649373686,,,,ratio_or_price_unverified,False
2026-10-04T11:00:30.605Z,binance_public_stock_list_type_2,EWG,xstocks_public_listing,0xed2bdd82366728c1f2a7e8b93c4dd4a58404bf65,18,,1,,,ratio_or_price_unverified,False
2026-10-04T11:00:30.605Z,binance_web3_rwa_tokens,EWJ,ondo,0x82715299f3f132fb85f3de1f7e8fafd3d79f3eb5,18,1.003759352633542927,,,,ratio_or_price_unverified,False
2026-10-04T11:00:30.605Z,binance_public_stock_list_type_2,EWQ,xstocks_public_listing,0xebb35d5b5bf82203812e3c02797ef0cbdbb81146,18,,1,,,ratio_or_price_unverified,False
2026-10-04T11:00:30.605Z,binance_public_stock_list_type_2,EWU,xstocks_public_listing,0x6c5287b4ea247031da9e375573e5d1c8a12938ee,18,,1,,,ratio_or_price_unverified,False
2026-10-04T11:00:30.605Z,binance_web3_rwa_tokens,EWY,bstock,0xbe82f76637dba2c114c41df856c2c51e522e2cb8,18,1.000000000000000000,,,,ratio_or_price_unverified,False
2026-10-04T11:00:30.605Z,binance_web3_rwa_tokens,EWY,ondo,0x12b7adc48416a103f63e7e6210f62c81dfb91fd0,18,1,,,,ratio_or_price_unverified,False
2026-10-04T11:00:30.605Z,binance_public_stock_list_type_2,EWY,xstocks_public_listing,0x299c95eb52bfd5bc98d924bce17197b64864589b,18,,1,,,ratio_or_price_unverified,False
2026-10-04T11:00:30.605Z,binance_web3_rwa_tokens,EWZ,ondo,0x9876f4b879cde9aa49ffd260034a0698b7b33a49,18,1.006600878243512974,,,,ratio_or_price_unverified,False
2026-10-04T11:00:30.605Z,binance_web3_rwa_tokens,EXOD,ondo,0x92d504158a8dc69de989db5ede3230d958fb8630,18,1,,,,ratio_or_price_unverified,False
2026-10-04T11:00:30.605Z,binance_web3_rwa_tokens,EXTR,ondo,0x1eada1306df72a5607827416c1a1307d7056dfff,18,1,,,,ratio_or_price_unverified,False
2026-10-04T11:00:30.605Z,binance_web3_rwa_tokens,F,ondo,0xb1aba049c42b6fe811766eba61f51f11c57acc4b,18,1.024077607301221741,,,,ratio_or_price_unverified,False
2026-10-04T11:00:30.605Z,binance_public_stock_list_type_2,FAAA,xstocks_public_listing,0xf51565240e667176c532db4139386e6a6e506d99,18,,1,,,ratio_or_price_unverified,False
2026-10-04T11:00:30.605Z,binance_web3_rwa_tokens,FCEL,ondo,0x47bfe4921bd74c66c6b0c35c517abdfb5e3bafb3,18,1,,,,ratio_or_price_unverified,False
2026-10-04T11:00:30.605Z,binance_web3_rwa_tokens,FCX,ondo,0xe3b17e6d290a0f28bd32af4064637057627004d5,18,1.003248158416538125,,,,ratio_or_price_unverified,False
2026-10-04T11:00:30.605Z,binance_public_stock_list_type_2,FEZ,xstocks_public_listing,0xae6d61508125bc541e367a6a8b1f594ecc42f557,18,,1,,,ratio_or_price_unverified,False
2026-10-04T11:00:30.605Z,binance_web3_rwa_tokens,FFOG,ondo,0xea130432a9fee9ca1a7eda84028650d38bd0e232,18,1,,,,ratio_or_price_unverified,False
2026-10-04T11:00:30.605Z,binance_web3_rwa_tokens,FGDL,ondo,0xee0d57462f20434030b8262204c00c0ea0399c41,18,1,,,,ratio_or_price_unverified,False
2026-10-04T11:00:30.605Z,binance_web3_rwa_tokens,FIG,ondo,0x93fac02b22b6743423381d163aec418178019b7a,18,1,,,,ratio_or_price_unverified,False
2026-10-04T11:00:30.605Z,binance_web3_rwa_tokens,FIGR,ondo,0x620477782cea4c4171165396f8014edef83a13da,18,1,,,,ratio_or_price_unverified,False
2026-10-04T11:00:30.605Z,binance_public_stock_list_type_2,FLBL,xstocks_public_listing,0x44314de3e69fd4c99fb638816b58ed2a85d466d9,18,,1,,,ratio_or_price_unverified,False
2026-10-04T11:00:30.605Z,binance_web3_rwa_tokens,FLEX,ondo,0x102138be022f8d142bcb817f7264921d65209608,18,1,,,,ratio_or_price_unverified,False
2026-10-04T11:00:30.605Z,binance_web3_rwa_tokens,FLHY,ondo,0x240eb4859b4537d250cf784cc758c404da5fe4bd,18,1.031579203209230629,,,,ratio_or_price_unverified,False
2026-10-04T11:00:30.605Z,binance_web3_rwa_tokens,FLNC,ondo,0xf1a96d4b591e446445600789d60c73dd636b357c,18,1,,,,ratio_or_price_unverified,False
2026-10-04T11:00:30.605Z,binance_web3_rwa_tokens,FLQL,ondo,0x48187890d16aee64798e02c5bed510f4db5694a9,18,1.005373349539798278,,,,ratio_or_price_unverified,False
2026-10-04T11:00:30.605Z,binance_public_stock_list_type_2,FLQM,xstocks_public_listing,0x16b8fef54489a0beb2cf09f6f16e4cd31aee195a,18,,1,,,ratio_or_price_unverified,False
2026-10-04T11:00:30.605Z,binance_web3_rwa_tokens,FN,ondo,0xa1daab37da2a29a1ec721922b55962eb8b481001,18,1,,,,ratio_or_price_unverified,False
2026-10-04T11:00:30.605Z,binance_web3_rwa_tokens,FORM,ondo,0xd678f3f86436ee298d28a3c414c367adfed65337,18,1,,,,ratio_or_price_unverified,False
2026-10-04T11:00:30.605Z,binance_web3_rwa_tokens,FPS,ondo,0xd8daffd168651470cd5397a5d670dd5f8e4b02f5,18,1,,,,ratio_or_price_unverified,False
2026-10-04T11:00:30.605Z,binance_public_stock_list_type_2,FSML,xstocks_public_listing,0x7e8c89a9b9b85029cab43280aabbed600d7e8d36,18,,1,,,ratio_or_price_unverified,False
2026-10-04T11:00:30.605Z,binance_web3_rwa_tokens,FSOL,ondo,0x54b92fd77229269ff6484942c123cca72f2d6fec,18,1.017270662626857328,,,,ratio_or_price_unverified,False
2026-10-04T11:00:30.605Z,binance_web3_rwa_tokens,FTGC,ondo,0xe96f94e10f1265dcc15f83d251f1f6758d2cd67d,18,1.017501466936165978,,,,ratio_or_price_unverified,False
2026-10-04T11:00:30.605Z,binance_web3_rwa_tokens,FUTU,ondo,0x5acf40056ed51c8bbcd1b125ef803581ac89a627,18,1.015720479662535676,,,,ratio_or_price_unverified,False
2026-10-04T11:00:30.605Z,binance_web3_rwa_tokens,FXI,ondo,0x9b8e987e6fec8cf1380c4dca7071e2c7853aeea1,18,1.005231412765957447,,,,ratio_or_price_unverified,False
2026-10-04T11:00:30.605Z,binance_web3_rwa_tokens,GD,ondo,0x5d1a9d8aa362a6424b65fcb601e52fefce5b4efa,18,1.003087721245075737,,,,ratio_or_price_unverified,False
2026-10-04T11:00:30.605Z,binance_public_stock_list_type_2,GDX,xstocks_public_listing,0x3a62b4259e5c2e2314e254b2c79ebaf5e57e8cf3,18,,1,,,ratio_or_price_unverified,False
2026-10-04T11:00:30.605Z,binance_web3_rwa_tokens,GE,ondo,0x5151a22421ed4277f1e4ca4785a07b035d548a36,18,1.003558931850101452,,,,ratio_or_price_unverified,False
2026-10-04T11:00:30.605Z,binance_web3_rwa_tokens,GEMI,ondo,0x817942d5de16092656568e9f67f54ccb462f8989,18,1,,,,ratio_or_price_unverified,False
2026-10-04T11:00:30.605Z,binance_web3_rwa_tokens,GEV,ondo,0x2aea1d415d45ccf3eabe565d45dcaf4ea2035b9c,18,1.000784237112149539,,,,ratio_or_price_unverified,False
2026-10-04T11:00:30.605Z,binance_web3_rwa_tokens,GFS,ondo,0xaff6b836d3ebd29aeb0c8b840add04ef79d79678,18,1.003510505632758592,,,,ratio_or_price_unverified,False
2026-10-04T11:00:30.605Z,binance_web3_rwa_tokens,GGOV,ondo,0x8dd51e233e2344498f876c231a3bd962e9750a6c,18,1.005675433087353851,,,,ratio_or_price_unverified,False
2026-10-04T11:00:30.605Z,binance_web3_rwa_tokens,GLD,ondo,0xfa9a1e901085e269f6d428f79cd5252d8b919344,18,1,,,,ratio_or_price_unverified,False
2026-10-04T11:00:30.605Z,binance_public_stock_list_type_2,GLD,xstocks_public_listing,0x2380f2673c640fb67e2d6b55b44c62f0e0e69da9,18,,1,,,ratio_or_price_unverified,False
2026-10-04T11:00:30.605Z,binance_web3_rwa_tokens,GLTR,ondo,0x15580092796f69825cff4738cac55d05d41eaa42,18,1,,,,ratio_or_price_unverified,False
2026-10-04T11:00:30.605Z,binance_web3_rwa_tokens,GLW,bstock,0x740e075cbbea22a082b9d6679e65e82767875b6a,18,1.00129026931256489,,164.81000000,164.5976247358822195146767126,math_only_not_equivalence,False
2026-10-04T11:00:30.605Z,binance_web3_rwa_tokens,GLW,ondo,0x25a4dbae9a0cd8c75656d6b50ffdf4900cc20d8f,18,1.001339209456458611,,,,ratio_or_price_unverified,False
2026-10-04T11:00:30.605Z,binance_web3_rwa_tokens,GLXY,ondo,0xf98b89825233808cd37706a53d2b4ae3e359d442,18,1,,,,ratio_or_price_unverified,False
2026-10-04T11:00:30.605Z,binance_public_stock_list_type_2,GLXY,xstocks_public_listing,0xf7f4fac56f012de7dd6adff54c761986b9e0655a,18,,1,,,ratio_or_price_unverified,False
2026-10-04T11:00:30.605Z,binance_web3_rwa_tokens,GME,ondo,0xdabb9aff4cf02f26d2014e4ca9f94ac6fe6572a3,18,1.017138313418943429,,,,ratio_or_price_unverified,False
2026-10-04T11:00:30.605Z,binance_public_stock_list_type_2,GME,xstocks_public_listing,0xe5f6d3b2405abdfe6f660e63202b25d23763160d,18,,1,,,ratio_or_price_unverified,False
2026-10-04T11:00:30.605Z,binance_web3_rwa_tokens,GNRC,ondo,0x237c9f794edaaa0071cdf64a41c25eb76771754b,18,1,,,,ratio_or_price_unverified,False
2026-10-04T11:00:30.605Z,binance_web3_rwa_tokens,GOOGL,bstock,0x3f53de71c126bdabae20f9cd64848d317f6c3238,18,1.000478058978107511,,344.00000000,343.8356262918579583426952606,math_only_not_equivalence,False
2026-10-04T11:00:30.605Z,binance_web3_rwa_tokens,GOOGL,ondo,0x091fc7778e6932d4009b087b191d1ee3bac5729a,18,1.002460326637435211,,,,ratio_or_price_unverified,False
2026-10-04T11:00:30.605Z,binance_public_stock_list_type_2,GOOGL,xstocks_public_listing,0xe92f673ca36c5e2efd2de7628f815f84807e803f,18,,1,,,ratio_or_price_unverified,False
2026-10-04T11:00:30.605Z,binance_web3_rwa_tokens,GRAB,ondo,0xab2f74804c022c5249d52e743af4340e42f5f3b6,18,1,,,,ratio_or_price_unverified,False
2026-10-04T11:00:30.605Z,binance_web3_rwa_tokens,GRND,ondo,0x20cce48d767ed68cbba7727c4c504efe5bcb626c,18,1,,,,ratio_or_price_unverified,False
2026-10-04T11:00:30.605Z,binance_web3_rwa_tokens,GS,ondo,0x0d4f9b25f81163fb4840ba4f434672543823000c,18,1.013764315605746387,,,,ratio_or_price_unverified,False
2026-10-04T11:00:30.605Z,binance_public_stock_list_type_2,GS,xstocks_public_listing,0x3ee7e9b3a992fd23cd1c363b0e296856b04ab149,18,,1,,,ratio_or_price_unverified,False
2026-10-04T11:00:30.605Z,binance_web3_rwa_tokens,HAL,ondo,0x7a18bb5fd6ba6343180afdcf6dc406ef17f7fc04,18,1.003226159326453842,,,,ratio_or_price_unverified,False
2026-10-04T11:00:30.605Z,binance_web3_rwa_tokens,HD,ondo,0x31dabf49e4bc1af1456c1819cb6a2562154e92f3,18,1.015054441110329085,,,,ratio_or_price_unverified,False
2026-10-04T11:00:30.605Z,binance_public_stock_list_type_2,HD,xstocks_public_listing,0x766b0cd6ed6d90b5d49d2c36a3761e9728501ba9,18,,1,,,ratio_or_price_unverified,False
2026-10-04T11:00:30.605Z,binance_web3_rwa_tokens,HII,ondo,0x4dc8dcee22a56feeca930dff45581aa9a14d5e05,18,1.003250903281649558,,,,ratio_or_price_unverified,False
2026-10-04T11:00:30.605Z,binance_web3_rwa_tokens,HIMS,ondo,0x4693f6f5ef257381a28afd0673e64d8b32d5c6ad,18,1,,,,ratio_or_price_unverified,False
2026-10-04T11:00:30.605Z,binance_public_stock_list_type_2,HIMS,xstocks_public_listing,0x55600dfb3943a2db1a49b250e1e9114e4ad2174f,18,,1,,,ratio_or_price_unverified,False
2026-10-04T11:00:30.605Z,binance_web3_rwa_tokens,HIMX,ondo,0x6cf3b84f0ba4d86d9f6987812a11db2c447d9483,18,1.006449435201227636,,,,ratio_or_price_unverified,False
2026-10-04T11:00:30.605Z,binance_web3_rwa_tokens,HIVE,ondo,0x3f19a16a401a6af05150479ccb76ef2fb57b0df3,18,1,,,,ratio_or_price_unverified,False
2026-10-04T11:00:30.605Z,binance_web3_rwa_tokens,HLIT,ondo,0xff6f45b2d761cde4dab7f5d7a1a5f691f52f3bc3,18,1,,,,ratio_or_price_unverified,False
2026-10-04T11:00:30.605Z,binance_public_stock_list_type_2,HON,xstocks_public_listing,0x62a48560861b0b451654bfffdb5be6e47aa8ff1b,18,,1,,,ratio_or_price_unverified,False
2026-10-04T11:00:30.605Z,binance_web3_rwa_tokens,HOOD,bstock,0xa394dcea3fd3847fd793afbfd163e2e3858b7c65,18,1.000000000000000000,,113.45000000,113.45,math_only_not_equivalence,False
2026-10-04T11:00:30.605Z,binance_web3_rwa_tokens,HOOD,ondo,0x19601179a60f55ff6636f5d1a8b6671053bd60a8,18,1,,,,ratio_or_price_unverified,False
2026-10-04T11:00:30.605Z,binance_public_stock_list_type_2,HOOD,xstocks_public_listing,0xe1385fdd5ffb10081cd52c56584f25efa9084015,18,,1,,,ratio_or_price_unverified,False
2026-10-04T11:00:30.605Z,binance_web3_rwa_tokens,HPE,ondo,0x492e678c1ea048c70edc635047cdbb87ff5362a2,18,1.003781217414486308,,,,ratio_or_price_unverified,False
2026-10-04T11:00:30.605Z,binance_web3_rwa_tokens,HSAI,ondo,0x847ef23a3f99af79a185ce033e1664165b846eea,18,1,,,,ratio_or_price_unverified,False
2026-10-04T11:00:30.605Z,binance_web3_rwa_tokens,HUBB,ondo,0x1c42c07257f936a7c4f84b8d756c95817e23631a,18,1.00213761142353308,,,,ratio_or_price_unverified,False
2026-10-04T11:00:30.605Z,binance_web3_rwa_tokens,HUT,ondo,0x3a82f1c847cc55e52e597fd81c63a812c6722541,18,1,,,,ratio_or_price_unverified,False
2026-10-04T11:00:30.605Z,binance_public_stock_list_type_2,HUT,xstocks_public_listing,0x560deb3d70ac90064ff809349cdf9a771a06fd36,18,,1,,,ratio_or_price_unverified,False
2026-10-04T11:00:30.605Z,binance_web3_rwa_tokens,HYG,ondo,0x0dae81a905b645a3d1e67129b89cd0acda224e9a,18,1.060312312233193317,,,,ratio_or_price_unverified,False
2026-10-04T11:00:30.605Z,binance_web3_rwa_tokens,HYGW,ondo,0x85b53a9344884ae428e0e15f05a1819d280d4be7,18,1.023577077919037012,,,,ratio_or_price_unverified,False
2026-10-04T11:00:30.605Z,binance_web3_rwa_tokens,HYS,ondo,0x75e9d68e99e76714ed1a7663ab48ba3aabd7a6c5,18,1.028920275588555477,,,,ratio_or_price_unverified,False
2026-10-04T11:00:30.605Z,binance_web3_rwa_tokens,IALT,ondo,0x879fc0d8dfdb13b4af3513d9838f82c4df8f57e8,18,1.001730576713819369,,,,ratio_or_price_unverified,False
2026-10-04T11:00:30.605Z,binance_web3_rwa_tokens,IAU,ondo,0xcb2a0f46f67dc4c58a316f1c008edef5c2311795,18,1,,,,ratio_or_price_unverified,False
2026-10-04T11:00:30.605Z,binance_web3_rwa_tokens,IBIT,ondo,0x68b07cef227cea1b2b6683921c8c825cd5c69ec7,18,1,,,,ratio_or_price_unverified,False
2026-10-04T11:00:30.605Z,binance_web3_rwa_tokens,IBM,bstock,0xfa273b076feb8c0fb34e554ae341082323d016a3,18,1.005005801623174456,,223.60000000,222.4862778293080069955298914,math_only_not_equivalence,False
2026-10-04T11:00:30.605Z,binance_web3_rwa_tokens,IBM,ondo,0xe8ff70859ce4cbd72e4352b4fb45f5bf39d07464,18,1.022792376444627581,,,,ratio_or_price_unverified,False
2026-10-04T11:00:30.605Z,binance_public_stock_list_type_2,IBM,xstocks_public_listing,0xd9913208647671fe0f48f7f260076b2c6f310aac,18,,1,,,ratio_or_price_unverified,False
2026-10-04T11:00:30.605Z,binance_web3_rwa_tokens,ICHR,ondo,0xfb836dc42ebdff6aa8db9339336899061d1c4f3f,18,1,,,,ratio_or_price_unverified,False
2026-10-04T11:00:30.605Z,binance_web3_rwa_tokens,IDEF,ondo,0x5fb339393773414039295ea97a92614fed85d556,18,1.001156076989500122,,,,ratio_or_price_unverified,False
2026-10-04T11:00:30.605Z,binance_web3_rwa_tokens,IEF,ondo,0xa486a0a05250e8621ba3b26c3bbc517145eba619,18,1.019715243390705486,,,,ratio_or_price_unverified,False
2026-10-04T11:00:30.605Z,binance_web3_rwa_tokens,IEFA,ondo,0x918008c3d29496c37b478b611967beaca365af36,18,1.0249977347338618,,,,ratio_or_price_unverified,False
2026-10-04T11:00:30.605Z,binance_web3_rwa_tokens,IEI,ondo,0x4e07b55e62f443859706e03aea0b3fe3a1bfea8b,18,1.011715462158632638,,,,ratio_or_price_unverified,False
2026-10-04T11:00:30.605Z,binance_web3_rwa_tokens,IEMG,ondo,0x22092c94a91d019ad15536725598b0a6be0a73c0,18,1.017768390166729392,,,,ratio_or_price_unverified,False
2026-10-04T11:00:30.605Z,binance_public_stock_list_type_2,IEMG,xstocks_public_listing,0x6a668332825450acd2e449372057d31b3de16a1e,18,,1,,,ratio_or_price_unverified,False
2026-10-04T11:00:30.605Z,binance_web3_rwa_tokens,IGEB,ondo,0x9e609e96b688927aa49dcd9758e2081f0c48ccab,18,1.015270979585351112,,,,ratio_or_price_unverified,False
2026-10-04T11:00:30.605Z,binance_web3_rwa_tokens,IGV,ondo,0xa046c2f0a1ac0a0e8829efc12163ae892ceafac2,18,1.000127185296997973,,,,ratio_or_price_unverified,False
2026-10-04T11:00:30.605Z,binance_web3_rwa_tokens,IJH,ondo,0x167e93a849a0cc479769132552b99aa1cfa0948c,18,1.01129031732930719,,,,ratio_or_price_unverified,False
2026-10-04T11:00:30.605Z,binance_public_stock_list_type_2,IJR,xstocks_public_listing,0xaa28cb97d7f7e172f54dee950743886d2d65447d,18,,1,,,ratio_or_price_unverified,False
2026-10-04T11:00:30.605Z,binance_web3_rwa_tokens,IJS,ondo,0x9609f804fd90440dd3f4afa1e0a4d57dfd580ce8,18,1.005718660990530932,,,,ratio_or_price_unverified,False
2026-10-04T11:00:30.605Z,binance_web3_rwa_tokens,INCE,ondo,0x5e24db6de4c21e2c8f9e81bacfcedfbac2dee4aa,18,1.022146601130608568,,,,ratio_or_price_unverified,False
2026-10-04T11:00:30.605Z,binance_web3_rwa_tokens,INDA,ondo,0xdb0748297fbef0b33df89e86519a0bd3adaf6459,18,1,,,,ratio_or_price_unverified,False
2026-10-04T11:00:30.605Z,binance_web3_rwa_tokens,INOD,ondo,0x517a25e696421c88218b43cbb7ea0f873b6973a6,18,1,,,,ratio_or_price_unverified,False
2026-10-04T11:00:30.605Z,binance_web3_rwa_tokens,INRO,ondo,0x790cfb394b1f399a3543ba1f835dde114a387eeb,18,1.001808006170700362,,,,ratio_or_price_unverified,False
2026-10-04T11:00:30.605Z,binance_web3_rwa_tokens,INSW,ondo,0xe3316f5372559768e14bc7ffe983891a742987e7,18,1.034863607720426917,,,,ratio_or_price_unverified,False
2026-10-04T11:00:30.605Z,binance_web3_rwa_tokens,INTC,bstock,0xe614e2fc6c787035ff51f452e8e826bfd32d5283,18,1.000000000000000000,,119.12000000,119.12,math_only_not_equivalence,False
2026-10-04T11:00:30.605Z,binance_web3_rwa_tokens,INTC,ondo,0xa528caaa2f96090e379d43f90834c75df54d6e74,18,1,,,,ratio_or_price_unverified,False
2026-10-04T11:00:30.605Z,binance_public_stock_list_type_2,INTC,xstocks_public_listing,0xf8a80d1cb9cfd70d03d655d9df42339846f3b3c8,18,,1,,,ratio_or_price_unverified,False
2026-10-04T11:00:30.605Z,binance_web3_rwa_tokens,INTU,ondo,0x6e3e077a6c0e3c27fd6d00b97387d9b7bd451bab,18,1.007827614227082215,,,,ratio_or_price_unverified,False
2026-10-04T11:00:30.605Z,binance_web3_rwa_tokens,INTW,bstock,0x0735d9904b7e34e6fe39b0f66e00c111b3f2b681,18,1.000000000000000000,,,,ratio_or_price_unverified,False
2026-10-04T11:00:30.605Z,binance_web3_rwa_tokens,IONQ,ondo,0x40d8e1fbaf69173c47fa493feb50a84eec6b57ee,18,1,,,,ratio_or_price_unverified,False
2026-10-04T11:00:30.605Z,binance_public_stock_list_type_2,IQM,xstocks_public_listing,0x35b8bbd1eb42bb2b5b4894d0fe87b2812442e186,18,,1,,,ratio_or_price_unverified,False
2026-10-04T11:00:30.605Z,binance_web3_rwa_tokens,IRDM,ondo,0x3ce678692a60fb5f31963b05cb158f0ce0ff1736,18,1.004499230231158845,,,,ratio_or_price_unverified,False
2026-10-04T11:00:30.605Z,binance_web3_rwa_tokens,IREN,ondo,0x8fd70ee385f470c8d6fda2d93a4e49c849bac6a6,18,1,,,,ratio_or_price_unverified,False
2026-10-04T11:00:30.605Z,binance_public_stock_list_type_2,IREN,xstocks_public_listing,0xfbfc1fd14eec970276c8a3bf5e6131cd751cc0b9,18,,1,,,ratio_or_price_unverified,False
2026-10-04T11:00:30.605Z,binance_web3_rwa_tokens,ISRG,ondo,0x784584933c2192caa062e90d8140d94768ce62d8,18,1,,,,ratio_or_price_unverified,False
2026-10-04T11:00:30.605Z,binance_web3_rwa_tokens,ITA,ondo,0x88b90f45bd6a4f97f7d85d280ed64a40880e4935,18,1.001757579956809421,,,,ratio_or_price_unverified,False
2026-10-04T11:00:30.605Z,binance_web3_rwa_tokens,ITOT,ondo,0xcf9caf83053213c44dd7027db3e1e4ac98e55f8f,18,1.009615626928998616,,,,ratio_or_price_unverified,False
2026-10-04T11:00:30.605Z,binance_web3_rwa_tokens,IVV,ondo,0x1104eb7e85e25eb45f88e638b0c27a06c1a91cb2,18,1.010377956958191322,,,,ratio_or_price_unverified,False
2026-10-04T11:00:30.605Z,binance_web3_rwa_tokens,IWF,ondo,0x40755f06ab7f8de1ab3a9413b1ef562d63de19b1,18,4.012874287579009489,,,,ratio_or_price_unverified,False
2026-10-04T11:00:30.605Z,binance_web3_rwa_tokens,IWM,ondo,0x500eafc69b68acd6f27064f9b75f1c7d91cc4d9f,18,1.009083143348214086,,,,ratio_or_price_unverified,False
2026-10-04T11:00:30.605Z,binance_public_stock_list_type_2,IWM,xstocks_public_listing,0xdadfb355c6110eda0908740d52c834d6c2bcddc7,18,,1,,,ratio_or_price_unverified,False
2026-10-04T11:00:30.605Z,binance_web3_rwa_tokens,IWN,ondo,0xf54b94ea21e1da5d51ef00fd4502225e5394f874,18,1.014602631533727731,,,,ratio_or_price_unverified,False
2026-10-04T11:00:30.605Z,binance_web3_rwa_tokens,IYW,ondo,0xbeeef4361f6603edacef5205b343c6bb6473a099,18,1.000342793337911971,,,,ratio_or_price_unverified,False
2026-10-04T11:00:30.605Z,binance_web3_rwa_tokens,JAAA,ondo,0x84719a1082ed487c7eeac7d69885e3cc2009ea78,18,1.024974277105660489,,,,ratio_or_price_unverified,False
2026-10-04T11:00:30.605Z,binance_public_stock_list_type_2,JAAA,xstocks_public_listing,0x3bf2e3be4a829bb3a5f5be450ae4c8eb3488da71,18,,1,,,ratio_or_price_unverified,False
2026-10-04T11:00:30.605Z,binance_web3_rwa_tokens,JBL,ondo,0x8d941ebb4921f8d43cfa65233b14a547f96559fc,18,1.000152794662118479,,,,ratio_or_price_unverified,False
2026-10-04T11:00:30.605Z,binance_web3_rwa_tokens,JD,ondo,0xe92be960ae64f6a914ca77014cac9e56de7f36c1,18,1.034507042253521127,,,,ratio_or_price_unverified,False
2026-10-04T11:00:30.605Z,binance_web3_rwa_tokens,JNJ,ondo,0xd1f799cb9f5d0a02951b0755beced6c43882712f,18,1.0111997233056816,,,,ratio_or_price_unverified,False
2026-10-04T11:00:30.605Z,binance_public_stock_list_type_2,JNJ,xstocks_public_listing,0xdb0482cfad4789798623e64b15eeba01b16e917c,18,,1,,,ratio_or_price_unverified,False
2026-10-04T11:00:30.605Z,binance_web3_rwa_tokens,JPM,ondo,0x317bf42b43a394860718266dec445dcc9fd9da49,18,1.013353010767603273,,,,ratio_or_price_unverified,False
2026-10-04T11:00:30.605Z,binance_public_stock_list_type_2,JPM,xstocks_public_listing,0xd9fc3e075d45254a1d834fea18af8041207dea0a,18,,1,,,ratio_or_price_unverified,False
2026-10-04T11:00:30.605Z,binance_public_stock_list_type_2,JPST,xstocks_public_listing,0xe49922893496b17ac12fdd7c74720a92010d889d,18,,1,,,ratio_or_price_unverified,False
2026-10-04T11:00:30.605Z,binance_web3_rwa_tokens,KEEL,ondo,0x5e3ca19c533c8c0381eac5319624596557c279ed,18,1,,,,ratio_or_price_unverified,False
2026-10-04T11:00:30.605Z,binance_web3_rwa_tokens,KEYS,ondo,0x3de956d959726c448649354c6fbca92b82dc5ed7,18,1,,,,ratio_or_price_unverified,False
2026-10-04T11:00:30.605Z,binance_web3_rwa_tokens,KLAC,ondo,0xfc263946439b0d802bf4c5a6fcd34e2885259f91,18,10.026064925604903975,,,,ratio_or_price_unverified,False
2026-10-04T11:00:30.605Z,binance_web3_rwa_tokens,KO,ondo,0x405f38b90bebf1259062cf29da299f3398662bcb,18,1.02389050415518419,,,,ratio_or_price_unverified,False
2026-10-04T11:00:30.605Z,binance_public_stock_list_type_2,KO,xstocks_public_listing,0xdcc1a2699441079da889b1f49e12b69cc791129b,18,,1,,,ratio_or_price_unverified,False
2026-10-04T11:00:30.605Z,binance_web3_rwa_tokens,KOPN,ondo,0xed5615c5280e897241b9e4f019562a581cd49390,18,1,,,,ratio_or_price_unverified,False
2026-10-04T11:00:30.605Z,binance_web3_rwa_tokens,KORU,bstock,0x1ffad32d69c5fead99f88c25ca0191edc3757636,18,1.000000000000000000,,,,ratio_or_price_unverified,False
2026-10-04T11:00:30.605Z,binance_web3_rwa_tokens,KWEB,ondo,0x7437203800140ba7d9081dde8cef09ee40e3bf03,18,1,,,,ratio_or_price_unverified,False
2026-10-04T11:00:30.605Z,binance_web3_rwa_tokens,LASR,ondo,0x476a2cad3197df68186b61bc36296e8d3d2d1b85,18,1,,,,ratio_or_price_unverified,False
2026-10-04T11:00:30.605Z,binance_web3_rwa_tokens,LECO,ondo,0x43807bf4ce06f4fbb4fa8deac37bf274aea324da,18,1.004156537848007792,,,,ratio_or_price_unverified,False
2026-10-04T11:00:30.605Z,binance_web3_rwa_tokens,LEMB,ondo,0x653156b9a46e21906dddc82414871bbdb0261319,18,1,,,,ratio_or_price_unverified,False
2026-10-04T11:00:30.605Z,binance_web3_rwa_tokens,LI,ondo,0x9810beac9af3c30d14cfb61cdd557e160f60fd50,18,1,,,,ratio_or_price_unverified,False
2026-10-04T11:00:30.605Z,binance_web3_rwa_tokens,LIN,ondo,0xe1743616f705954620aa351465c8885fbde5a8a9,18,1.016674139284679156,,,,ratio_or_price_unverified,False
2026-10-04T11:00:30.605Z,binance_public_stock_list_type_2,LIN,xstocks_public_listing,0x15059c599c16fd8f70b633ade165502d6402cd49,18,,1,,,ratio_or_price_unverified,False
2026-10-04T11:00:30.605Z,binance_web3_rwa_tokens,LIT,ondo,0xfd7778d5d4e804b5b512471df36d60c465199a52,18,1.003021838248679298,,,,ratio_or_price_unverified,False
2026-10-04T11:00:30.605Z,binance_web3_rwa_tokens,LITE,bstock,0x64748bea17b6d19e242adf20425de2440c656142,18,1.000000000000000000,,1093.24000000,1093.24,math_only_not_equivalence,False
2026-10-04T11:00:30.605Z,binance_web3_rwa_tokens,LITE,ondo,0x0facafb97ffdba3cae88512070af49bd30674cd9,18,1,,,,ratio_or_price_unverified,False
2026-10-04T11:00:30.605Z,binance_web3_rwa_tokens,LLY,ondo,0x341d31b2be1fee9c00e395a62ba41837f4322eed,18,1.004407717014765177,,,,ratio_or_price_unverified,False
2026-10-04T11:00:30.605Z,binance_public_stock_list_type_2,LLY,xstocks_public_listing,0x19c41ea77b34bbdee61c3a87a75d1abda2ed0be4,18,,1,,,ratio_or_price_unverified,False
2026-10-04T11:00:30.605Z,binance_web3_rwa_tokens,LMT,ondo,0xd09f7b75b9659b864c6f82bb00ff096f9d277998,18,1.022808839790325072,,,,ratio_or_price_unverified,False
2026-10-04T11:00:30.605Z,binance_public_stock_list_type_2,LNG,xstocks_public_listing,0xdce993f8a6dbce7f27434874f5dfe9a8d58509c9,18,,1,,,ratio_or_price_unverified,False
2026-10-04T11:00:30.605Z,binance_web3_rwa_tokens,LOW,ondo,0x2ec46eed30c94caa5979e6a0395abe824138335f,18,1.010811781817516253,,,,ratio_or_price_unverified,False
2026-10-04T11:00:30.605Z,binance_web3_rwa_tokens,LPTH,ondo,0x6ad19e0a57cfea0bc521a12c6c82372852842933,18,1,,,,ratio_or_price_unverified,False
2026-10-04T11:00:30.605Z,binance_web3_rwa_tokens,LRCX,ondo,0x35895a1fa1aff7fb3204fb01257409fd75acb24c,18,1.002082277478955134,,,,ratio_or_price_unverified,False
2026-10-04T11:00:30.605Z,binance_web3_rwa_tokens,LSCC,ondo,0x80f03abcb2bd85237740dd69f87d2f5de3909012,18,1,,,,ratio_or_price_unverified,False
2026-10-04T11:00:30.605Z,binance_web3_rwa_tokens,LUNR,ondo,0xa3b7b7cfeb023a6c4f444f5ca9a3fc85809ece15,18,1,,,,ratio_or_price_unverified,False
2026-10-04T11:00:30.605Z,binance_web3_rwa_tokens,LWLG,ondo,0x8ac67002282eea816afa0160d22a8d27f05ba07b,18,1,,,,ratio_or_price_unverified,False
2026-10-04T11:00:30.605Z,binance_web3_rwa_tokens,MA,ondo,0x25ffda07f585c39848db6573e533d7585679c52d,18,1.00433226330961485,,,,ratio_or_price_unverified,False
2026-10-04T11:00:30.605Z,binance_public_stock_list_type_2,MA,xstocks_public_listing,0xb365cd2588065f522d379ad19e903304f6b622c6,18,,1,,,ratio_or_price_unverified,False
2026-10-04T11:00:30.605Z,binance_web3_rwa_tokens,MARA,ondo,0xd226d8170ee38793430c7dec6903df4b818bb74c,18,1,,,,ratio_or_price_unverified,False
2026-10-04T11:00:30.605Z,binance_public_stock_list_type_2,MARA,xstocks_public_listing,0x9d692bffef6f6bedf4274053ff9998efe3b2539e,18,,1,,,ratio_or_price_unverified,False
2026-10-04T11:00:30.605Z,binance_web3_rwa_tokens,MBLY,ondo,0xcc977b493f52b4b6b6a0c3594530f2baee565e96,18,1,,,,ratio_or_price_unverified,False
2026-10-04T11:00:30.605Z,binance_web3_rwa_tokens,MCD,ondo,0x995add4ba29a628a57930a8a185c62ca044ec090,18,1.021904049306145317,,,,ratio_or_price_unverified,False
2026-10-04T11:00:30.605Z,binance_public_stock_list_type_2,MCD,xstocks_public_listing,0x80a77a372c1e12accda84299492f404902e2da67,18,,1,,,ratio_or_price_unverified,False
2026-10-04T11:00:30.605Z,binance_public_stock_list_type_2,MDLN,xstocks_public_listing,0xd5859517180e639d50003fdb434e690ab1fbd21b,18,,1,,,ratio_or_price_unverified,False
2026-10-04T11:00:30.605Z,binance_public_stock_list_type_2,MDT,xstocks_public_listing,0x0588e851ec0418d660bee81230d6c678daf21d46,18,,1,,,ratio_or_price_unverified,False
2026-10-04T11:00:30.605Z,binance_web3_rwa_tokens,MEI,ondo,0x89c37104afcee9a72187e05d960a1e09763a126e,18,1.00228200822983448,,,,ratio_or_price_unverified,False
2026-10-04T11:00:30.605Z,binance_web3_rwa_tokens,MELI,ondo,0x60a8f8e05200ff73afde9e2cae819bf1605f0bdd,18,1,,,,ratio_or_price_unverified,False
2026-10-04T11:00:30.605Z,binance_web3_rwa_tokens,META,bstock,0x7425889fe94f9d693e8daefe88bcced6acfef4c0,18,1.00054829041074495,,729.63000000,729.2301700905134626212599417,math_only_not_equivalence,False
2026-10-04T11:00:30.605Z,binance_web3_rwa_tokens,META,ondo,0xd7df5863a3e742f0c767768cdfcb63f09e0422f6,18,1.002826918305349555,,,,ratio_or_price_unverified,False
2026-10-04T11:00:30.605Z,binance_public_stock_list_type_2,META,xstocks_public_listing,0x96702be57cd9777f835117a809c7124fe4ec989a,18,,1,,,ratio_or_price_unverified,False
2026-10-04T11:00:30.605Z,binance_web3_rwa_tokens,MKSI,ondo,0xd41699aa1bfc1c5f172c27f387372bd30717a5db,18,1.000652863271777653,,,,ratio_or_price_unverified,False
2026-10-04T11:00:30.605Z,binance_web3_rwa_tokens,MP,ondo,0x4baf4dc56cf6a525a0874e25cc6372a6a8915135,18,1,,,,ratio_or_price_unverified,False
2026-10-04T11:00:30.605Z,binance_web3_rwa_tokens,MRK,ondo,0x869027261075c3c239d6a26842579b93802606f4,18,1.014173720487620155,,,,ratio_or_price_unverified,False
2026-10-04T11:00:30.605Z,binance_public_stock_list_type_2,MRK,xstocks_public_listing,0x17d8186ed8f68059124190d147174d0f6697dc40,18,,1,,,ratio_or_price_unverified,False
2026-10-04T11:00:30.605Z,binance_web3_rwa_tokens,MRNA,ondo,0x01486675da0764ee780ea7cb65c33062e9b2d28c,18,1,,,,ratio_or_price_unverified,False
2026-10-04T11:00:30.605Z,binance_web3_rwa_tokens,MRVL,bstock,0x16cd4fe7e8880ecc3ba222795229e20489fc2c76,18,1,,274.26000000,274.26000000,math_only_not_equivalence,False
2026-10-04T11:00:30.605Z,binance_web3_rwa_tokens,MRVL,ondo,0x1501ec83ffef405b4331cc4f73277a40fb0c627d,18,1.001483825466955279,,,,ratio_or_price_unverified,False
2026-10-04T11:00:30.605Z,binance_public_stock_list_type_2,MRVL,xstocks_public_listing,0xeaad46f4146ded5a47b55aa7f6c48c191deaec88,18,,1,,,ratio_or_price_unverified,False
2026-10-04T11:00:30.605Z,binance_web3_rwa_tokens,MSFT,bstock,0x80106cb3ead06659a5ad19df39d9b4733863b9b0,18,1.001313964833366845,,517.80000000,517.1205218197165801698028999,math_only_not_equivalence,False
2026-10-04T11:00:30.605Z,binance_web3_rwa_tokens,MSFT,ondo,0x6bfe75d1ad432050ea973c3a3dcd88f02e2444c3,18,1.005730856892783903,,,,ratio_or_price_unverified,False
2026-10-04T11:00:30.605Z,binance_public_stock_list_type_2,MSFT,xstocks_public_listing,0x5621737f42dae558b81269fcb9e9e70c19aa6b35,18,,1,,,ratio_or_price_unverified,False
2026-10-04T11:00:30.605Z,binance_web3_rwa_tokens,MSTR,bstock,0xe87afb3076aeb0f9b14e368de8145ae6a2826a14,18,1.000000000000000000,,164.35000000,164.35,math_only_not_equivalence,False
2026-10-04T11:00:30.605Z,binance_web3_rwa_tokens,MSTR,ondo,0x7313ea16493b2f55054df0131a3a14b043ec8992,18,1,,164.435,164.435,math_only_not_equivalence,False
2026-10-04T11:00:30.605Z,binance_public_stock_list_type_2,MSTR,xstocks_public_listing,0xae2f842ef90c0d5213259ab82639d5bbf649b08e,18,,1,,,ratio_or_price_unverified,False
2026-10-04T11:00:30.605Z,binance_web3_rwa_tokens,MTSI,ondo,0x1dcd320c5d7b84cd407437c58d56cbbdd0d9d8f3,18,1,,,,ratio_or_price_unverified,False
2026-10-04T11:00:30.605Z,binance_web3_rwa_tokens,MTZ,ondo,0xf49046aae76eaeb7ffd3ef116ce0f7cd0f52d93e,18,1,,,,ratio_or_price_unverified,False
2026-10-04T11:00:30.605Z,binance_web3_rwa_tokens,MU,bstock,0xcdf2f3e0fa43c47a6662a91c9e4a7c5f69762699,18,1.000107512568805603,,1069.77000000,1069.654998643360098563782588,math_only_not_equivalence,False
2026-10-04T11:00:30.605Z,binance_web3_rwa_tokens,MU,ondo,0x8b6acf6041a81567f012ff6a4c6d96d5818d74bf,18,1.001121237525844732,,,,ratio_or_price_unverified,False
2026-10-04T11:00:30.605Z,binance_public_stock_list_type_2,MU,xstocks_public_listing,0xf6a873bae4ba1b304e45df52a4b7d176e1c6a8c4,18,,1,,,ratio_or_price_unverified,False
2026-10-04T11:00:30.605Z,binance_web3_rwa_tokens,MUU,bstock,0x0bb3fa77e0809f42948e435f04883c25415e8263,18,1.003951968068627743,,,,ratio_or_price_unverified,False
2026-10-04T11:00:30.605Z,binance_web3_rwa_tokens,MVLL,bstock,0x7c26a12f20507e2cee22ceebed9e88fda47f866c,18,1.000000000000000000,,,,ratio_or_price_unverified,False
2026-10-04T11:00:30.605Z,binance_web3_rwa_tokens,MXL,ondo,0x5cb7671740877723c9ad55348a751d7b57052e07,18,1,,,,ratio_or_price_unverified,False
2026-10-04T11:00:30.605Z,binance_web3_rwa_tokens,MYRG,ondo,0x93b83111c54aa3993b2de5fccd4c70b26c522d5d,18,1,,,,ratio_or_price_unverified,False
2026-10-04T11:00:30.605Z,binance_web3_rwa_tokens,NAT,ondo,0x33f3df3cea2a8c4828e88f30be932850cf749739,18,1.05574945862524405,,,,ratio_or_price_unverified,False
2026-10-04T11:00:30.605Z,binance_web3_rwa_tokens,NBIS,bstock,0xe256bc2a4f5297f8ba6f043f180a46300ecbcbb1,18,1.000000000000000000,,241.88000000,241.88,math_only_not_equivalence,False
2026-10-04T11:00:30.605Z,binance_web3_rwa_tokens,NBIS,ondo,0xee268780473e7a0e47bac41547c6e01512555a16,18,1,,,,ratio_or_price_unverified,False
2026-10-04T11:00:30.605Z,binance_web3_rwa_tokens,NEE,ondo,0xe9d43f7e6b2237e8873a7003b3f43c6b03160be5,18,1.015136722587082798,,,,ratio_or_price_unverified,False
2026-10-04T11:00:30.605Z,binance_web3_rwa_tokens,NEM,ondo,0x5e63232993789601ce362e0240a299c1dfcbfbec,18,1.003091949609185442,,,,ratio_or_price_unverified,False
2026-10-04T11:00:30.605Z,binance_web3_rwa_tokens,NET,ondo,0xfeb0793eea97585eb3a541f3fd53450d225b2b87,18,1,,,,ratio_or_price_unverified,False
2026-10-04T11:00:30.605Z,binance_public_stock_list_type_2,NET,xstocks_public_listing,0x995db25f900e38851cf4e67a05960e66f774530d,18,,1,,,ratio_or_price_unverified,False
2026-10-04T11:00:30.605Z,binance_web3_rwa_tokens,NFLX,ondo,0x7048f5227b032326cc8dbc53cf3fddd947a2c757,18,10,,,,ratio_or_price_unverified,False
2026-10-04T11:00:30.605Z,binance_public_stock_list_type_2,NFLX,xstocks_public_listing,0xa6a65ac27e76cd53cb790473e4345c46e5ebf961,18,,1,,,ratio_or_price_unverified,False
2026-10-04T11:00:30.605Z,binance_web3_rwa_tokens,NIKL,ondo,0xe23f03d2907cdc38a10f6ccdc1a157bf1afe51de,18,1,,,,ratio_or_price_unverified,False
2026-10-04T11:00:30.605Z,binance_web3_rwa_tokens,NIO,ondo,0xc6f9edbee6042a237d72493bbda3ee2c3c62f708,18,1,,,,ratio_or_price_unverified,False
2026-10-04T11:00:30.605Z,binance_web3_rwa_tokens,NKE,ondo,0x04b5e199f2ec84f78b111035f57b16bee448db6f,18,1.026577066356554817,,,,ratio_or_price_unverified,False
2026-10-04T11:00:30.605Z,binance_public_stock_list_type_2,NLR,xstocks_public_listing,0x238c2306b77a0c33ff609e72f89bf7e1323a9999,18,,1,,,ratio_or_price_unverified,False
2026-10-04T11:00:30.605Z,binance_web3_rwa_tokens,NNE,ondo,0x3c276dd9f9eab5510f9eafd3a6ea54879b27ca3d,18,1,,,,ratio_or_price_unverified,False
2026-10-04T11:00:30.605Z,binance_web3_rwa_tokens,NOC,ondo,0x4d3442d884202584f1729bca20db05472b886b52,18,1.006226353314046476,,,,ratio_or_price_unverified,False
2026-10-04T11:00:30.605Z,binance_web3_rwa_tokens,NOK,bstock,0x7c4d7a180d737dd5a70d8065a90e6746a69c37ea,18,1.002349416320445721,,10.58000000,10.55520143747719893425605843,math_only_not_equivalence,False
2026-10-04T11:00:30.605Z,binance_web3_rwa_tokens,NOK,ondo,0xe9518cb0010c717db69001f1418eff9e97330137,18,1.002325125021972431,,,,ratio_or_price_unverified,False
2026-10-04T11:00:30.605Z,binance_web3_rwa_tokens,NOW,ondo,0xeb19c13c54b1cd48afc62f6503375e92d5f1e856,18,5,,,,ratio_or_price_unverified,False
2026-10-04T11:00:30.605Z,binance_web3_rwa_tokens,NTES,ondo,0x282973969118f9fe39bf2ff3d8dd1efee82ccb11,18,1.015438469618086718,,,,ratio_or_price_unverified,False
2026-10-04T11:00:30.605Z,binance_web3_rwa_tokens,NUE,ondo,0x2155f5344ba7763f80420de617af41e56de0552b,18,1.003341697525391088,,,,ratio_or_price_unverified,False
2026-10-04T11:00:30.605Z,binance_web3_rwa_tokens,NVDA,bstock,0x02fca66c1d1afb4e2a7884261eb00f63598a7436,18,1.000778223752807865,,234.67000000,234.4875162451211266278298584,math_only_not_equivalence,False
2026-10-04T11:00:30.605Z,binance_web3_rwa_tokens,NVDA,ondo,0xa9ee28c80f960b889dfbd1902055218cba016f75,18,1.0017152487959898,,235.257834755982184479,234.855,math_only_not_equivalence,False
2026-10-04T11:00:30.605Z,binance_public_stock_list_type_2,NVDA,xstocks_public_listing,0xc845b2894dbddd03858fd2d643b4ef725fe0849d,18,,1,,,ratio_or_price_unverified,False
2026-10-04T11:00:30.605Z,binance_web3_rwa_tokens,NVMI,ondo,0x8a5f83a4b3ad2b9604f53c4ddf8dce1329f9d433,18,1,,,,ratio_or_price_unverified,False
2026-10-04T11:00:30.605Z,binance_web3_rwa_tokens,NVO,ondo,0x08a513779f46ffb7a34f16094a94016d010128a8,18,1.030267091960948431,,,,ratio_or_price_unverified,False
2026-10-04T11:00:30.605Z,binance_public_stock_list_type_2,NVO,xstocks_public_listing,0xf9523e369c5f55ad72dbaa75b0a9b92b3d8b147e,18,,1,,,ratio_or_price_unverified,False
2026-10-04T11:00:30.605Z,binance_web3_rwa_tokens,NVT,ondo,0x484ce83bb55b50d70236c7d1e29e0ba7524f905b,18,1.000922208281053952,,,,ratio_or_price_unverified,False
2026-10-04T11:00:30.605Z,binance_web3_rwa_tokens,NVTS,ondo,0xb56b7c2f9988448790b0f78697f405ab5e8597e6,18,1,,,,ratio_or_price_unverified,False
2026-10-04T11:00:30.605Z,binance_web3_rwa_tokens,OIH,ondo,0x31d6011023d6c7695efc29bb016830f3f36de40a,18,1,,,,ratio_or_price_unverified,False
2026-10-04T11:00:30.605Z,binance_web3_rwa_tokens,OII,ondo,0x4321366277d4a6e170f1f28148c93e8c47636c14,18,1,,,,ratio_or_price_unverified,False
2026-10-04T11:00:30.605Z,binance_web3_rwa_tokens,OKLO,ondo,0xaf6c03acf72355ce98d0741302b78870b376428c,18,1,,,,ratio_or_price_unverified,False
2026-10-04T11:00:30.605Z,binance_public_stock_list_type_2,OKLO,xstocks_public_listing,0x4b0ee7c047d43ca403239f28f42115bedb7c0076,18,,1,,,ratio_or_price_unverified,False
2026-10-04T11:00:30.605Z,binance_web3_rwa_tokens,ON,ondo,0xb35a9eab5d25282f4e668798b629a9294e9a47aa,18,1,,,,ratio_or_price_unverified,False
2026-10-04T11:00:30.605Z,binance_web3_rwa_tokens,ONDS,ondo,0xd85d4ce29b4ca361ff72ef0e53d6236e334c5db6,18,1,,,,ratio_or_price_unverified,False
2026-10-04T11:00:30.605Z,binance_public_stock_list_type_2,ONDS,xstocks_public_listing,0x50343212d7aadd7a104dcc7ed751514aa174d9dc,18,,1,,,ratio_or_price_unverified,False
2026-10-04T11:00:30.605Z,binance_web3_rwa_tokens,ONTO,ondo,0x2f79d36184dfe7968c9d23f87cae1ab72447c1e5,18,1,,,,ratio_or_price_unverified,False
2026-10-04T11:00:30.605Z,binance_web3_rwa_tokens,OPEN,ondo,0xa09699fc0cbb1f85128450a0ff6a3c4d3a7e7b9b,18,1,,,,ratio_or_price_unverified,False
2026-10-04T11:00:30.605Z,binance_public_stock_list_type_2,OPEN,xstocks_public_listing,0xbee6b69345f376598fe16abd5592c6f844825e66,18,,1,,,ratio_or_price_unverified,False
2026-10-04T11:00:30.605Z,binance_web3_rwa_tokens,OPRA,ondo,0x88672043905bdd272df55a5a7bb1b7e1e693cbc5,18,1.013721657238430532,,,,ratio_or_price_unverified,False
2026-10-04T11:00:30.605Z,binance_web3_rwa_tokens,ORBX,ondo,0x2bc97b1c5f83f080798ee9e38da5fbf621454fcf,18,1,,,,ratio_or_price_unverified,False
2026-10-04T11:00:30.605Z,binance_web3_rwa_tokens,ORCL,bstock,0x4684d9887fc1c71cba7bab8e88835cec217eb598,18,1,,142.53000000,142.53000000,math_only_not_equivalence,False
2026-10-04T11:00:30.605Z,binance_web3_rwa_tokens,ORCL,ondo,0x03e4bd1ea53f1da84513da0319d1f03dd1bbcf93,18,1.0079328914586566,,,,ratio_or_price_unverified,False
2026-10-04T11:00:30.605Z,binance_public_stock_list_type_2,ORCL,xstocks_public_listing,0x548308e91ec9f285c7bff05295badbd56a6e4971,18,,1,,,ratio_or_price_unverified,False
2026-10-04T11:00:30.605Z,binance_web3_rwa_tokens,OSCR,ondo,0xb0752aa50b089ee6ea9acd51373207fa460e87bb,18,1,,,,ratio_or_price_unverified,False
2026-10-04T11:00:30.605Z,binance_web3_rwa_tokens,OUST,ondo,0x30033a17ea24e90631532582a1917c64afbf87af,18,1,,,,ratio_or_price_unverified,False
2026-10-04T11:00:30.605Z,binance_web3_rwa_tokens,OXY,ondo,0x01b5a4ac600be98448dbefbb78bcdf38262552cc,18,1.009877875802699974,,,,ratio_or_price_unverified,False
2026-10-04T11:00:30.605Z,binance_web3_rwa_tokens,PALL,ondo,0x3fcd741646a9790635b938cdb69af5df356cbaab,18,5,,,,ratio_or_price_unverified,False
2026-10-04T11:00:30.605Z,binance_web3_rwa_tokens,PANW,ondo,0x0eaa1a75bd682a5669ab2371a559fbd039c6b9eb,18,1,,,,ratio_or_price_unverified,False
2026-10-04T11:00:30.605Z,binance_public_stock_list_type_2,PANW,xstocks_public_listing,0xe12bb32d77be4db10ddc82088b230d35d097e9c5,18,,1,,,ratio_or_price_unverified,False
2026-10-04T11:00:30.605Z,binance_web3_rwa_tokens,PAVE,ondo,0x6f28cb07790c1049ecd7482d09fd13b977b47201,18,1.001228665699798068,,,,ratio_or_price_unverified,False
2026-10-04T11:00:30.605Z,binance_web3_rwa_tokens,PBR,ondo,0x2b1d5cdecc356530a746c5754231efaeaca64022,18,1.038001708237747999,,,,ratio_or_price_unverified,False
2026-10-04T11:00:30.605Z,binance_web3_rwa_tokens,PCG,ondo,0x47b36ddb9dd12a8411f78226f55e8c3f0d65481f,18,1.009107084924797599,,,,ratio_or_price_unverified,False
2026-10-04T11:00:30.605Z,binance_web3_rwa_tokens,PDBC,ondo,0xcf3e84e62002ca459db81b2032d7fe13715bad51,18,1,,,,ratio_or_price_unverified,False
2026-10-04T11:00:30.605Z,binance_web3_rwa_tokens,PDD,ondo,0xf3e82ea164cb344b2b11bad4c24b0ea4f7ba4714,18,1,,,,ratio_or_price_unverified,False
2026-10-04T11:00:30.605Z,binance_web3_rwa_tokens,PENG,ondo,0x2144d620e3471441b12bf256e01a09eaa5ea7f12,18,1,,,,ratio_or_price_unverified,False
2026-10-04T11:00:30.605Z,binance_web3_rwa_tokens,PEP,ondo,0xf99f8f3a95257d82006183bd524efa7aacc9ef7a,18,1.035087254508861537,,,,ratio_or_price_unverified,False
2026-10-04T11:00:30.605Z,binance_public_stock_list_type_2,PEP,xstocks_public_listing,0x36c424a6ec0e264b1616102ad63ed2ad7857413e,18,,1,,,ratio_or_price_unverified,False
2026-10-04T11:00:30.605Z,binance_web3_rwa_tokens,PFE,ondo,0x8a83c31d6751833b4940b6e871c48d9a15a07b46,18,1.060931676944711313,,,,ratio_or_price_unverified,False
2026-10-04T11:00:30.605Z,binance_public_stock_list_type_2,PFE,xstocks_public_listing,0x1ac765b5bea23184802c7d2d497f7c33f1444a9e,18,,1,,,ratio_or_price_unverified,False
2026-10-04T11:00:30.605Z,binance_web3_rwa_tokens,PG,ondo,0x400f1e257f86d25578a0928c94dc95115f09d5c9,18,1.025304000727182209,,,,ratio_or_price_unverified,False
2026-10-04T11:00:30.605Z,binance_public_stock_list_type_2,PG,xstocks_public_listing,0xa90424d5d3e770e8644103ab503ed775dd1318fd,18,,1,,,ratio_or_price_unverified,False
2026-10-04T11:00:30.605Z,binance_web3_rwa_tokens,PINS,ondo,0xcfd1f0df84300ea1a4e2ba5238043a2fa5a7237c,18,1,,,,ratio_or_price_unverified,False
2026-10-04T11:00:30.605Z,binance_web3_rwa_tokens,PL,ondo,0xf9015e0b3ab4ddd216f522d6150db826c9be83f8,18,1,,,,ratio_or_price_unverified,False
2026-10-04T11:00:30.605Z,binance_public_stock_list_type_2,PL,xstocks_public_listing,0x536825370f1159cba953055f5c2f16ddc7b5a348,18,,1,,,ratio_or_price_unverified,False
2026-10-04T11:00:30.605Z,binance_web3_rwa_tokens,PLTR,bstock,0x0ca5d51d0277bd006fd9607d3e560785ebad8222,18,1.000000000000000000,,189.62000000,189.62,math_only_not_equivalence,False
2026-10-04T11:00:30.605Z,binance_web3_rwa_tokens,PLTR,ondo,0x9351abd19f42101dd36025e495b98e910b255d78,18,1,,,,ratio_or_price_unverified,False
2026-10-04T11:00:30.605Z,binance_public_stock_list_type_2,PLTR,xstocks_public_listing,0x6d482cec5f9dd1f05ccee9fd3ff79b246170f8e2,18,,1,,,ratio_or_price_unverified,False
2026-10-04T11:00:30.605Z,binance_web3_rwa_tokens,PLUG,ondo,0x4752ae8f910b25e64e4406eaad50c1b4e8de7e6d,18,1,,,,ratio_or_price_unverified,False
2026-10-04T11:00:30.605Z,binance_public_stock_list_type_2,PM,xstocks_public_listing,0x02a6c1789c3b4fdb1a7a3dfa39f90e5d3c94f4f9,18,,1,,,ratio_or_price_unverified,False
2026-10-04T11:00:30.605Z,binance_public_stock_list_type_2,POPMT,xstocks_public_listing,0x4ebf5fd25b02022afad96e2fa25da54a246fded0,18,,1,,,ratio_or_price_unverified,False
2026-10-04T11:00:30.605Z,binance_web3_rwa_tokens,POWI,ondo,0x5417b7cfdb8a187004067297ebf1491c8d6d5c09,18,1.002923737067490167,,,,ratio_or_price_unverified,False
2026-10-04T11:00:30.605Z,binance_web3_rwa_tokens,POWL,ondo,0xd381aec27daaccc87f102ff4ad6652f8b5f20ba0,18,1.00030563978168587,,,,ratio_or_price_unverified,False
2026-10-04T11:00:30.605Z,binance_web3_rwa_tokens,PPLT,ondo,0x3ec23f52f6573fc0587a0631dd8c3b107f6bcb35,18,10,,,,ratio_or_price_unverified,False
2026-10-04T11:00:30.605Z,binance_web3_rwa_tokens,PRIM,ondo,0xd60b0276640a693ece55660afac0383ca6433882,18,1.001334419563996051,,,,ratio_or_price_unverified,False
2026-10-04T11:00:30.605Z,binance_web3_rwa_tokens,PSQ,ondo,0x3802dc739ef9e226f36421a9c15efa519153bbbe,18,1.016953929467156982,,,,ratio_or_price_unverified,False
2026-10-04T11:00:30.605Z,binance_web3_rwa_tokens,PURR,ondo,0x89cc700f308a4c59889fbf3286216554c53b0601,18,1,,,,ratio_or_price_unverified,False
2026-10-04T11:00:30.605Z,binance_web3_rwa_tokens,PWR,ondo,0x2418c2e1ae3b8d767594b3974d32610743f88155,18,1.000225378213673692,,,,ratio_or_price_unverified,False
2026-10-04T11:00:30.605Z,binance_web3_rwa_tokens,PYPL,ondo,0x374d03a6c0d5bd4be0a5117ebe1b49d52ac8a53f,18,1.007790133219188067,,,,ratio_or_price_unverified,False
2026-10-04T11:00:30.605Z,binance_public_stock_list_type_2,PYPL,xstocks_public_listing,0xf706585e7e8900be0267bee3b9a2f70835ec6628,18,,1,,,ratio_or_price_unverified,False
2026-10-04T11:00:30.605Z,binance_web3_rwa_tokens,QBTS,ondo,0x8c7bf0ed6bc778bde1489de1592c1aad3e66371d,18,1,,,,ratio_or_price_unverified,False
2026-10-04T11:00:30.605Z,binance_web3_rwa_tokens,QCOM,bstock,0x5f7a56e877b9130608bf8be962621011182fefe1,18,1.003804323223530061,,186.75000000,186.0422352040557687618775742,math_only_not_equivalence,False
2026-10-04T11:00:30.605Z,binance_web3_rwa_tokens,QCOM,ondo,0xfbd4d681c92ead6af0e49950c8b2e47eeacbb2db,18,1.018536802088982624,,,,ratio_or_price_unverified,False
2026-10-04T11:00:30.605Z,binance_web3_rwa_tokens,QLTA,ondo,0xbc34d36b70e5a256f3d16f9ca9d3ca3838f6cc4f,18,1.013676177790383255,,,,ratio_or_price_unverified,False
2026-10-04T11:00:30.605Z,binance_web3_rwa_tokens,QNT,bstock,0xd721c192d612db77621df57a9fab38418033c02e,18,1.000000000000000000,,46.68000000,46.68,math_only_not_equivalence,False
2026-10-04T11:00:30.605Z,binance_web3_rwa_tokens,QQQ,bstock,0x205812cdbed920aff76c6580abd681a46d11efc7,18,1.000724838657573033,,,,ratio_or_price_unverified,False
2026-10-04T11:00:30.605Z,binance_web3_rwa_tokens,QQQ,ondo,0x0cde6936d305d5b34667fc46425e852efd73559a,18,1.004082430180208355,,,,ratio_or_price_unverified,False
2026-10-04T11:00:30.605Z,binance_public_stock_list_type_2,QQQ,xstocks_public_listing,0xa753a7395cae905cd615da0b82a53e0560f250af,18,,1,,,ratio_or_price_unverified,False
2026-10-04T11:00:30.605Z,binance_web3_rwa_tokens,QTUM,ondo,0x467c7cf9af95765c1bd6542ffd516bf9603a19b9,18,1.003233423612938068,,,,ratio_or_price_unverified,False
2026-10-04T11:00:30.605Z,binance_web3_rwa_tokens,QUBT,ondo,0x82e07c1017032cfd889b1ca81ebe722c4d4de825,18,1,,,,ratio_or_price_unverified,False
2026-10-04T11:00:30.605Z,binance_web3_rwa_tokens,QYLD,ondo,0x64e023411215c3b75b9f339b7b77f179cd04c527,18,1.028100965313682357,,,,ratio_or_price_unverified,False
2026-10-04T11:00:30.605Z,binance_public_stock_list_type_2,RBLX,xstocks_public_listing,0x5d8da1417e3565eb02c9ca8cc588be5d8f65b1c5,18,,1,,,ratio_or_price_unverified,False
2026-10-04T11:00:30.605Z,binance_public_stock_list_type_2,RCAT,xstocks_public_listing,0x1fd2d7adac24b3f9552bc967bffcdce3b92d31b8,18,,1,,,ratio_or_price_unverified,False
2026-10-04T11:00:30.605Z,binance_web3_rwa_tokens,RDDT,ondo,0x4da12f47578ef89c76179b760c778e70b668f80b,18,1,,,,ratio_or_price_unverified,False
2026-10-04T11:00:30.605Z,binance_web3_rwa_tokens,RDW,ondo,0x23e39d94807a8bb7e3f8294b4911d04ee26dce39,18,1,,,,ratio_or_price_unverified,False
2026-10-04T11:00:30.605Z,binance_web3_rwa_tokens,REGN,ondo,0x30bd85fd4286c5c9857679f5b188f737b4a7b8c0,18,1.001873288448163851,,,,ratio_or_price_unverified,False
2026-10-04T11:00:30.605Z,binance_web3_rwa_tokens,REMX,ondo,0xc16f47c4a7ed39372b9a0e3e2016cede9b4cb83a,18,1,,,,ratio_or_price_unverified,False
2026-10-04T11:00:30.605Z,binance_web3_rwa_tokens,RGTI,ondo,0xed2a500eb2b66679e0bbd76e51a60049ae5f3271,18,1,,,,ratio_or_price_unverified,False
2026-10-04T11:00:30.605Z,binance_web3_rwa_tokens,RIOT,ondo,0xc4a88a72b848255fd24da3c1ad6755d980535fb1,18,1,,,,ratio_or_price_unverified,False
2026-10-04T11:00:30.605Z,binance_public_stock_list_type_2,RIOT,xstocks_public_listing,0x6ac47387f0a2798df4c4ee5bb31ab9517ac97cb8,18,,1,,,ratio_or_price_unverified,False
2026-10-04T11:00:30.605Z,binance_web3_rwa_tokens,RIVN,ondo,0x277e1fa8704c5511fed7e30bc691f922aa30101b,18,1,,,,ratio_or_price_unverified,False
2026-10-04T11:00:30.605Z,binance_web3_rwa_tokens,RKLB,bstock,0xc8da12cbcce7c45180692a6420b0076e03a5179a,18,1.000000000000000000,,74.32000000,74.32,math_only_not_equivalence,False
2026-10-04T11:00:30.605Z,binance_web3_rwa_tokens,RKLB,ondo,0xb4d695569236273745b4cd54b539b1b9cc1513af,18,1,,,,ratio_or_price_unverified,False
2026-10-04T11:00:30.605Z,binance_web3_rwa_tokens,RMBS,ondo,0x49ccb157c77afe5f264c35f0e9178a98d77815ab,18,1,,,,ratio_or_price_unverified,False
2026-10-04T11:00:30.605Z,binance_web3_rwa_tokens,ROK,ondo,0x95f7423c51eab71cbd00ca855b0b2b2153f14184,18,1.002161968599979857,,,,ratio_or_price_unverified,False
2026-10-04T11:00:30.605Z,binance_web3_rwa_tokens,RTX,ondo,0x44fde2c6bc2c2b54962c69fcef57a2a50121dbd7,18,1.007544306866908764,,,,ratio_or_price_unverified,False
2026-10-04T11:00:30.605Z,binance_web3_rwa_tokens,SAP,ondo,0x111f6f2b9f1c5f3ec841690e1deec606086727da,18,1,,,,ratio_or_price_unverified,False
2026-10-04T11:00:30.605Z,binance_web3_rwa_tokens,SATA,ondo,0x732823512ba98d1bcde471ca023ee2a0c9f117b7,18,1.038023220496839065,,,,ratio_or_price_unverified,False
2026-10-04T11:00:30.605Z,binance_public_stock_list_type_2,SATA,xstocks_public_listing,0x7c7445a40926152b8d24abdb9020e219d3d3380a,18,,1,,,ratio_or_price_unverified,False
2026-10-04T11:00:30.605Z,binance_web3_rwa_tokens,SBET,ondo,0x99e01f02d66455bb106d91d469c9eaf6ab4904f6,18,1,,,,ratio_or_price_unverified,False
2026-10-04T11:00:30.605Z,binance_public_stock_list_type_2,SBET,xstocks_public_listing,0x338791c58fded314b81eab139a1a2fb7967d90d6,18,,1,,,ratio_or_price_unverified,False
2026-10-04T11:00:30.605Z,binance_web3_rwa_tokens,SBUX,ondo,0x94d7754541b829a87321d56121bc544167ac490d,18,1.017764658966079924,,,,ratio_or_price_unverified,False
2026-10-04T11:00:30.605Z,binance_web3_rwa_tokens,SCCO,ondo,0xf15b8f7465b92799f6ee440f86b3cab5a4dbc65a,18,1.026785459208234421,,,,ratio_or_price_unverified,False
2026-10-04T11:00:30.605Z,binance_public_stock_list_type_2,SCHF,xstocks_public_listing,0xf6d87e523512704c29e9b7ca3e9e6226bdce3ea1,18,,1,,,ratio_or_price_unverified,False
2026-10-04T11:00:30.605Z,binance_web3_rwa_tokens,SCHW,ondo,0xe5ba472c98b7e4695bd856290de66bdedaffc123,18,1.006965419399731114,,,,ratio_or_price_unverified,False
2026-10-04T11:00:30.605Z,binance_web3_rwa_tokens,SECU,ondo,0xb0d7d4b65a654d43f91272bb94e011ce6812a2ef,18,1.013198727533956799,,,,ratio_or_price_unverified,False
2026-10-04T11:00:30.605Z,binance_web3_rwa_tokens,SEDG,ondo,0x8755c5c39b1aa9053a83ac731242a2cf4d04b0fe,18,1,,,,ratio_or_price_unverified,False
2026-10-04T11:00:30.605Z,binance_web3_rwa_tokens,SGOV,ondo,0xc008c5f579ec1450f20099c39f587547e27c7523,18,1.02144457466853931,,,,ratio_or_price_unverified,False
2026-10-04T11:00:30.605Z,binance_web3_rwa_tokens,SHLD,ondo,0xe5ca1585c6053ee891027fd0a2548cb3b27d7f01,18,1.002237055875427406,,,,ratio_or_price_unverified,False
2026-10-04T11:00:30.605Z,binance_web3_rwa_tokens,SHOP,ondo,0x43d0b380c33cd004a6a69abd61843881a2de4113,18,1,,,,ratio_or_price_unverified,False
2026-10-04T11:00:30.605Z,binance_web3_rwa_tokens,SHY,ondo,0xf95e50be5efc96117c28775f80c7cdb41ebc4888,18,1.017207755451375783,,,,ratio_or_price_unverified,False
2026-10-04T11:00:30.605Z,binance_web3_rwa_tokens,SIL,ondo,0x6a4c1b7aa18638fac4c8e0d1961405e27c25baf1,18,1.000960931171708935,,,,ratio_or_price_unverified,False
2026-10-04T11:00:30.605Z,binance_web3_rwa_tokens,SKHY,bstock,0xca750ef65f295bbecd685abf54e82caf297bdb61,18,1.000000000000000000,,195.78000000,195.78,math_only_not_equivalence,False
2026-10-04T11:00:30.605Z,binance_web3_rwa_tokens,SKHY,ondo,0x4268f2bfb23a7496504aa5ed1ee325248586299f,18,1,,,,ratio_or_price_unverified,False
2026-10-04T11:00:30.605Z,binance_web3_rwa_tokens,SLB,ondo,0xfadde620010736a5074a4269894cb52b0a9a91de,18,1.00359036773015735,,,,ratio_or_price_unverified,False
2026-10-04T11:00:30.605Z,binance_web3_rwa_tokens,SLV,ondo,0x8b872732b07be325a8803cdb480d9d20b6f8d11b,18,1,,,,ratio_or_price_unverified,False
2026-10-04T11:00:30.605Z,binance_web3_rwa_tokens,SMCI,ondo,0xc142ba8ccd36d80c3a001342fb83e4c3d218a873,18,1,,,,ratio_or_price_unverified,False
2026-10-04T11:00:30.605Z,binance_web3_rwa_tokens,SMR,ondo,0xf4b674d4e33c36f8db4b928a5eec4e1f87b386e3,18,1,,,,ratio_or_price_unverified,False
2026-10-04T11:00:30.605Z,binance_web3_rwa_tokens,SNAP,ondo,0xf325884d9bcac457271fe7f7b6be1765348fcca2,18,1,,,,ratio_or_price_unverified,False
2026-10-04T11:00:30.605Z,binance_web3_rwa_tokens,SNDK,bstock,0x3ee4df61bd4f867e349beae8bfe07bc31b4850fb,18,1.000000000000000000,,1717.20000000,1717.2,math_only_not_equivalence,False
2026-10-04T11:00:30.605Z,binance_web3_rwa_tokens,SNDK,ondo,0x4fd67cb8cfedc718bac984b5936abe3330d0a2a4,18,1,,,,ratio_or_price_unverified,False
2026-10-04T11:00:30.605Z,binance_web3_rwa_tokens,SNOW,ondo,0x138ed6833ff4e8811e1fea0d005e13726c8886f9,18,1,,,,ratio_or_price_unverified,False
2026-10-04T11:00:30.605Z,binance_web3_rwa_tokens,SNXX,bstock,0x9e82e3da8f1115b73d24bb24113ab836ffdab6b6,18,1.000000000000000000,,,,ratio_or_price_unverified,False
2026-10-04T11:00:30.605Z,binance_web3_rwa_tokens,SO,ondo,0xd7a6353a23ed2c4fcac29a63cbbe3f65ffef41f5,18,1.017031692015107002,,,,ratio_or_price_unverified,False
2026-10-04T11:00:30.605Z,binance_web3_rwa_tokens,SOFI,ondo,0x71507068e98049cba81e9bbc8d901e4a2f4222eb,18,1,,,,ratio_or_price_unverified,False
2026-10-04T11:00:30.605Z,binance_web3_rwa_tokens,SOUN,ondo,0xedcf71b2e2217064038adcb54a3c3a5fc3488ef1,18,1,,,,ratio_or_price_unverified,False
2026-10-04T11:00:30.605Z,binance_web3_rwa_tokens,SOXL,bstock,0xd97d097a89113fa59b76c572e5b2eb647e8eefaf,18,1.000441939278863313,,,,ratio_or_price_unverified,False
2026-10-04T11:00:30.605Z,binance_web3_rwa_tokens,SOXL,ondo,0xb943c8a0d77b656daf5244da060d647fd9152289,18,1.000469412061933807,,,,ratio_or_price_unverified,False
2026-10-04T11:00:30.605Z,binance_public_stock_list_type_2,SOXL,xstocks_public_listing,0x53ee7f58cf031ea4d897fdfcdafad124b3160689,18,,1,,,ratio_or_price_unverified,False
2026-10-04T11:00:30.605Z,binance_web3_rwa_tokens,SOXQ,ondo,0x15688f10470dfddcb4e2d60cd2acfd3ec418317a,18,1.001104030215548527,,,,ratio_or_price_unverified,False
2026-10-04T11:00:30.605Z,binance_web3_rwa_tokens,SOXS,ondo,0x335dd4112704f108b5ddd8f8a44bd9ed68522a80,18,0.101695663086635307,,,,ratio_or_price_unverified,False
2026-10-04T11:00:30.605Z,binance_web3_rwa_tokens,SOXX,ondo,0x2a3cbf64c8181db4a25d41d4d7a7db9984c59dac,18,1.000787897698614475,,,,ratio_or_price_unverified,False
2026-10-04T11:00:30.605Z,binance_public_stock_list_type_2,SOXX,xstocks_public_listing,0x7b14968d19a6c051d6613716ea71f2dade46db9c,18,,1,,,ratio_or_price_unverified,False
2026-10-04T11:00:30.605Z,binance_public_stock_list_type_2,SPCE,xstocks_public_listing,0x7f8ba411ecbc0a135d669d5eae5d15b0ca0b0ea1,18,,1,,,ratio_or_price_unverified,False
2026-10-04T11:00:30.605Z,binance_web3_rwa_tokens,SPCX,bstock,0xbe9d156892e55e7154bcd3cb0fea677f9d3103e1,18,1.000000000000000000,,159.18000000,159.18,math_only_not_equivalence,False
2026-10-04T11:00:30.605Z,binance_web3_rwa_tokens,SPCX,ondo,0xd0a58bc9d88d3ff48c0294cb7e45937d0e41a928,18,1,,,,ratio_or_price_unverified,False
2026-10-04T11:00:30.605Z,binance_public_stock_list_type_2,SPCX,xstocks_public_listing,0x68fa48b1c2fe52b3d776e1953e0e782b5044ce28,18,,1,,,ratio_or_price_unverified,False
2026-10-04T11:00:30.605Z,binance_web3_rwa_tokens,SPGI,ondo,0x55b370b704240a914f42b5bbb3195431c031f9f8,18,1.053475954992204636,,,,ratio_or_price_unverified,False
2026-10-04T11:00:30.605Z,binance_web3_rwa_tokens,SPOT,ondo,0x50356167a4dbc38bea6779c045e24e25facedfdc,18,1,,,,ratio_or_price_unverified,False
2026-10-04T11:00:30.605Z,binance_web3_rwa_tokens,SPY,bstock,0x7138b48df7d98d7e3cc221bfe7192d0a178182d8,18,1.001729792036835231,,,,ratio_or_price_unverified,False
2026-10-04T11:00:30.605Z,binance_web3_rwa_tokens,SPY,ondo,0x6a708ead771238919d85930b5a0f10454e1c331a,18,1.009473072784042724,,,,ratio_or_price_unverified,False
2026-10-04T11:00:30.605Z,binance_public_stock_list_type_2,SPY,xstocks_public_listing,0x90a2a4c76b5d8c0bc892a69ea28aa775a8f2dd48,18,,1,,,ratio_or_price_unverified,False
2026-10-04T11:00:30.605Z,binance_web3_rwa_tokens,SQQQ,ondo,0x17515b68378d86c38f394c666e79907da05dcba9,18,1.027709560516422679,,,,ratio_or_price_unverified,False
2026-10-04T11:00:30.605Z,binance_web3_rwa_tokens,STLD,ondo,0x90eaa91af0b4559f1f270258bb5cddfafbb62da9,18,1.003224681430560179,,,,ratio_or_price_unverified,False
2026-10-04T11:00:30.605Z,binance_web3_rwa_tokens,STM,ondo,0x8b46599e0e80a34f37e97df58e741ca904cdfabd,18,1.002507463534854666,,,,ratio_or_price_unverified,False
2026-10-04T11:00:30.605Z,binance_web3_rwa_tokens,STNG,ondo,0x4b1c9087a6fe265a36fbf2c591b0986fe1115f50,18,1.003966041318898353,,,,ratio_or_price_unverified,False
2026-10-04T11:00:30.605Z,binance_web3_rwa_tokens,STRC,ondo,0x71e9dc9debc18650bd2342b93623b88c2ad00c89,18,1.058620669761465377,,,,ratio_or_price_unverified,False
2026-10-04T11:00:30.605Z,binance_public_stock_list_type_2,STRC,xstocks_public_listing,0x1aad217b8f78dba5e6693460e8470f8b1a3977f3,18,,1,,,ratio_or_price_unverified,False
2026-10-04T11:00:30.605Z,binance_public_stock_list_type_2,STRK,xstocks_public_listing,0x38e0445308e7fcd5230f2df6b52b36dd4ff313b6,18,,1,,,ratio_or_price_unverified,False
2026-10-04T11:00:30.605Z,binance_web3_rwa_tokens,STX,ondo,0x966ebcba3c51e81f5cf159a1eabefd2327ab5e8d,18,1.002715741252088661,,,,ratio_or_price_unverified,False
2026-10-04T11:00:30.605Z,binance_web3_rwa_tokens,SWKS,ondo,0x7bd821eaad82cb92c1ea64dac1f3bb2e787e959a,18,1,,,,ratio_or_price_unverified,False
2026-10-04T11:00:30.605Z,binance_web3_rwa_tokens,SYM,ondo,0xc79fc7af952c8b41c6b7b7657dd24f44f7c10f2a,18,1,,,,ratio_or_price_unverified,False
2026-10-04T11:00:30.605Z,binance_web3_rwa_tokens,SYSB,ondo,0xebe1408a7cce4f38de15467e5139c3d82e4641f8,18,1.011147774590729043,,,,ratio_or_price_unverified,False
2026-10-04T11:00:30.605Z,binance_web3_rwa_tokens,T,ondo,0x4255279af47cf10efb9a5c8839f90170f4ef759f,18,1.024891883026981672,,,,ratio_or_price_unverified,False
2026-10-04T11:00:30.605Z,binance_web3_rwa_tokens,TASK,ondo,0xdb69becc323fec440ca8eb0c3564802e77ce2827,18,1,,,,ratio_or_price_unverified,False
2026-10-04T11:00:30.605Z,binance_public_stock_list_type_2,TBLL,xstocks_public_listing,0x4cbf89ed7bb30b8a860fa86d3c96e9c72931299b,18,,1,,,ratio_or_price_unverified,False
2026-10-04T11:00:30.605Z,binance_public_stock_list_type_2,TCENT,xstocks_public_listing,0x41333df9e7639188bbfca5522dc4844398af9f9e,18,,1,,,ratio_or_price_unverified,False
2026-10-04T11:00:30.605Z,binance_web3_rwa_tokens,TCOM,ondo,0x6459303f58244ff1e7a42b90aa3782dfb6ca6969,18,1,,,,ratio_or_price_unverified,False
2026-10-04T11:00:30.605Z,binance_web3_rwa_tokens,TEL,ondo,0x5c50ffd365c852f5e72bfbc2c1ae621e2aca5ece,18,1.003844163524802247,,,,ratio_or_price_unverified,False
2026-10-04T11:00:30.605Z,binance_web3_rwa_tokens,TEN,ondo,0x686f8264625fe4e51f520db856003a4dd52a49ff,18,1.018101887768295837,,,,ratio_or_price_unverified,False
2026-10-04T11:00:30.605Z,binance_web3_rwa_tokens,TER,ondo,0x6f040fc3061374304bddbfdae9d688d7c868c785,18,1.000267254038179148,,,,ratio_or_price_unverified,False
2026-10-04T11:00:30.605Z,binance_web3_rwa_tokens,TIP,ondo,0x2ac26ec236df5d1d2ad1a6dd4e448a90e45dc35d,18,1.039903672884955792,,,,ratio_or_price_unverified,False
2026-10-04T11:00:30.605Z,binance_web3_rwa_tokens,TLN,ondo,0xbbe4dfe7a349fb72aec6f52d5cd9bdd78ae8f313,18,1,,,,ratio_or_price_unverified,False
2026-10-04T11:00:30.605Z,binance_web3_rwa_tokens,TLT,ondo,0xf69e40069ac227c11459e3f4e8a446b3401616b6,18,1.048264949587105271,,,,ratio_or_price_unverified,False
2026-10-04T11:00:30.605Z,binance_web3_rwa_tokens,TM,ondo,0xecc1299f183b6a720a6f4729bf24f82cd8d50828,18,1.015073673229886556,,,,ratio_or_price_unverified,False
2026-10-04T11:00:30.605Z,binance_web3_rwa_tokens,TMO,ondo,0xbcf7d958791152128710565a5fc6f68342ed71c8,18,1.00193039467368416,,,,ratio_or_price_unverified,False
2026-10-04T11:00:30.605Z,binance_public_stock_list_type_2,TMO,xstocks_public_listing,0xaf072f109a2c173d822a4fe9af311a1b18f83d19,18,,1,,,ratio_or_price_unverified,False
2026-10-04T11:00:30.605Z,binance_web3_rwa_tokens,TMUS,ondo,0x2588f20bad92da8dcce7fac8311b5f8ab4690e43,18,1.011188221625670751,,,,ratio_or_price_unverified,False
2026-10-04T11:00:30.605Z,binance_public_stock_list_type_2,TMUS,xstocks_public_listing,0x68f3ddee8bae33691e7cd0372984fd857e842760,18,,1,,,ratio_or_price_unverified,False
2026-10-04T11:00:30.605Z,binance_web3_rwa_tokens,TNK,ondo,0x2bbf5ab85f9ceb595dd785db15cc9f2931c6ea64,18,1.002263535935191577,,,,ratio_or_price_unverified,False
2026-10-04T11:00:30.605Z,binance_public_stock_list_type_2,TONX,xstocks_public_listing,0xe95ab205e333443d7970336d5fd827ef9ed97608,18,,1,,,ratio_or_price_unverified,False
2026-10-04T11:00:30.605Z,binance_web3_rwa_tokens,TQQQ,bstock,0x462b5f13b7c7748279358962925c5de83bb9e598,18,1.001347622058686173,,,,ratio_or_price_unverified,False
2026-10-04T11:00:30.605Z,binance_web3_rwa_tokens,TQQQ,ondo,0xe42cfb20e00912409b77a602b5bdcff3c7acc5f4,18,1.004031631370312643,,,,ratio_or_price_unverified,False
2026-10-04T11:00:30.605Z,binance_public_stock_list_type_2,TQQQ,xstocks_public_listing,0xfdddb57878ef9d6f681ec4381dcb626b9e69ac86,18,,1,,,ratio_or_price_unverified,False
2026-10-04T11:00:30.605Z,binance_web3_rwa_tokens,TSEM,ondo,0x343324170c91c4d8cf4d439b3e5a619f50621ae7,18,1,,,,ratio_or_price_unverified,False
2026-10-04T11:00:30.605Z,binance_web3_rwa_tokens,TSLA,bstock,0x5b1910eaad6450e50f816082aa078c41f10c292f,18,1.000000000000000000,,371.44000000,371.44,math_only_not_equivalence,False
2026-10-04T11:00:30.605Z,binance_web3_rwa_tokens,TSLA,ondo,0x2494b603319d4d9f9715c9f4496d9e0364b59d93,18,1,,371.735,371.735,math_only_not_equivalence,False
2026-10-04T11:00:30.605Z,binance_public_stock_list_type_2,TSLA,xstocks_public_listing,0x8ad3c73f833d3f9a523ab01476625f269aeb7cf0,18,,1,,,ratio_or_price_unverified,False
2026-10-04T11:00:30.605Z,binance_web3_rwa_tokens,TSM,bstock,0xab78b89b5bb00236be0b4b20704cbfa04efc711c,18,1.002110464141050983,,474.15000000,473.1514308718579806863167181,math_only_not_equivalence,False
2026-10-04T11:00:30.605Z,binance_web3_rwa_tokens,TSM,ondo,0xc37042a7a4fa510d8884a433762ab87257b91965,18,1.009320746408453452,,,,ratio_or_price_unverified,False
2026-10-04T11:00:30.605Z,binance_public_stock_list_type_2,TSM,xstocks_public_listing,0x9e3bf4ecfc44eedd624f26656b6736a3f093b073,18,,1,,,ratio_or_price_unverified,False
2026-10-04T11:00:30.605Z,binance_web3_rwa_tokens,TT,ondo,0x0afa28a7ac4e44b1f771515c200f4d67b1f5e8d0,18,1.003555620488873783,,,,ratio_or_price_unverified,False
2026-10-04T11:00:30.605Z,binance_web3_rwa_tokens,TTMI,ondo,0xf400b05ad5a791c65acc3f905e5ade5f1b653c8c,18,1,,,,ratio_or_price_unverified,False
2026-10-04T11:00:30.605Z,binance_web3_rwa_tokens,TXN,ondo,0xca3a5c955f1f01f20aacf9501b03e4aa235e478b,18,1.011683272013645206,,,,ratio_or_price_unverified,False
2026-10-04T11:00:30.605Z,binance_web3_rwa_tokens,UAMY,ondo,0xf8919fe7d586b11d0a900e987c4a41bc6c3195f5,18,1,,,,ratio_or_price_unverified,False
2026-10-04T11:00:30.605Z,binance_web3_rwa_tokens,UBER,ondo,0xde9d6036fca870f7efc5a82722ae694c371ac909,18,1,,,,ratio_or_price_unverified,False
2026-10-04T11:00:30.605Z,binance_public_stock_list_type_2,UBER,xstocks_public_listing,0xdb9783ca04bbd64fe2c6d7b9503a979b3de30729,18,,1,,,ratio_or_price_unverified,False
2026-10-04T11:00:30.605Z,binance_web3_rwa_tokens,UCTT,ondo,0xb78ccbcd9dce42d4fa5fdc835cb6a1aa1095a3b5,18,1,,,,ratio_or_price_unverified,False
2026-10-04T11:00:30.605Z,binance_web3_rwa_tokens,UEC,ondo,0xe7ddf606841ee278a30e5c90486681e68ddd8cbf,18,1,,,,ratio_or_price_unverified,False
2026-10-04T11:00:30.605Z,binance_web3_rwa_tokens,UMC,ondo,0x318ddd4d03d84a40cf44772385a0cfb3d4394049,18,1.012908961363638667,,,,ratio_or_price_unverified,False
2026-10-04T11:00:30.605Z,binance_web3_rwa_tokens,UNG,ondo,0xa5351c9bf08055e03642b6b8649a0f7e895501bf,18,1,,,,ratio_or_price_unverified,False
2026-10-04T11:00:30.605Z,binance_web3_rwa_tokens,UNH,ondo,0x3385cb29cca0ac66f5d2354d13ef977b49a2510f,18,1.02304690869070713,,,,ratio_or_price_unverified,False
2026-10-04T11:00:30.605Z,binance_public_stock_list_type_2,UNH,xstocks_public_listing,0x167a6375da1efc4a5be0f470e73ecefd66245048,18,,1,,,ratio_or_price_unverified,False
2026-10-04T11:00:30.605Z,binance_web3_rwa_tokens,UNP,ondo,0xfe9aa194e3c4604f3872f220eb41c33a287fcd90,18,1.006866989908180095,,,,ratio_or_price_unverified,False
2026-10-04T11:00:30.605Z,binance_web3_rwa_tokens,URA,ondo,0xc7806943663158d68740a14ab0b270bd60bde87d,18,1,,,,ratio_or_price_unverified,False
2026-10-04T11:00:30.605Z,binance_web3_rwa_tokens,URNM,ondo,0xca626a74420aaaf285987da23d829f9159ab867c,18,1,,,,ratio_or_price_unverified,False
2026-10-04T11:00:30.605Z,binance_web3_rwa_tokens,USAR,ondo,0x2206e07410a8fe9ef595e7184b2e9d160fdb7211,18,1,,,,ratio_or_price_unverified,False
2026-10-04T11:00:30.605Z,binance_web3_rwa_tokens,USFR,ondo,0xf4fd75764a5c086fb12f822be2ca318b3a362dc3,18,1.021484626410913947,,,,ratio_or_price_unverified,False
2026-10-04T11:00:30.605Z,binance_web3_rwa_tokens,USO,ondo,0x94174e3d1335db402dd03a092f7aa7ac2cb32be4,18,1,,,,ratio_or_price_unverified,False
2026-10-04T11:00:30.605Z,binance_public_stock_list_type_2,USPX,xstocks_public_listing,0x368192fec58e3150600a1409c631c77f45745bec,18,,1,,,ratio_or_price_unverified,False
2026-10-04T11:00:30.605Z,binance_web3_rwa_tokens,UUUU,ondo,0xd2c06fef2ca2375a9c7ceb4abca9dbc2ab6af981,18,1,,,,ratio_or_price_unverified,False
2026-10-04T11:00:30.605Z,binance_web3_rwa_tokens,V,ondo,0x1cde419fae0ef7f7931ae3e29e5f411c8c5e5fa1,18,1.00681694330219382,,,,ratio_or_price_unverified,False
2026-10-04T11:00:30.605Z,binance_public_stock_list_type_2,V,xstocks_public_listing,0x2363fd1235c1b6d3a5088ddf8df3a0b3a30c5293,18,,1,,,ratio_or_price_unverified,False
2026-10-04T11:00:30.605Z,binance_web3_rwa_tokens,VCX,ondo,0xc8206bb42ec019f7e7ea060ed887e9f5bb53cbb0,18,1,,,,ratio_or_price_unverified,False
2026-10-04T11:00:30.605Z,binance_web3_rwa_tokens,VDE,ondo,0x9e23662f540c6bc117adf91230730d9b2fdf5643,18,1.008973044485644435,,,,ratio_or_price_unverified,False
2026-10-04T11:00:30.605Z,binance_web3_rwa_tokens,VFS,ondo,0x1d2eaaf0ae00382893aa4318bd88d1cd0e9b858a,18,1,,,,ratio_or_price_unverified,False
2026-10-04T11:00:30.605Z,binance_web3_rwa_tokens,VICR,ondo,0xa59469d91563caeeddd2ffc731f41215e7b691ef,18,1,,,,ratio_or_price_unverified,False
2026-10-04T11:00:30.605Z,binance_public_stock_list_type_2,VIDA,xstocks_public_listing,0x44e49dde02c954cd9b67923af7b1070412e8f34e,18,,1,,,ratio_or_price_unverified,False
2026-10-04T11:00:30.605Z,binance_web3_rwa_tokens,VNQ,ondo,0x10b58a3d9dcec59bb1c3bf6b9c9414eafce711c9,18,1.01980198156816195,,,,ratio_or_price_unverified,False
2026-10-04T11:00:30.605Z,binance_public_stock_list_type_2,VOO,xstocks_public_listing,0xffae0b911cb2cb7b49fd75011d99d137c040a9ef,18,,1,,,ratio_or_price_unverified,False
2026-10-04T11:00:30.605Z,binance_web3_rwa_tokens,VPG,ondo,0xad8920afa9d158f5ebab77c9ffcad650d72e473d,18,1,,,,ratio_or_price_unverified,False
2026-10-04T11:00:30.605Z,binance_web3_rwa_tokens,VRSN,ondo,0x37ff203ac221313b620d047eddd7bd6f68d656a6,18,1.002046968356829546,,,,ratio_or_price_unverified,False
2026-10-04T11:00:30.605Z,binance_web3_rwa_tokens,VRT,ondo,0x9cea8a7be1ab0320b709d368ad60d8500f55995f,18,1.000481613413338117,,,,ratio_or_price_unverified,False
2026-10-04T11:00:30.605Z,binance_web3_rwa_tokens,VRTX,ondo,0x8c9979dc208f74a5602c38691aa920f121e2f863,18,1,,,,ratio_or_price_unverified,False
2026-10-04T11:00:30.605Z,binance_web3_rwa_tokens,VSH,ondo,0x821aef7d0f4347bb9ea6f293a98b19d823eef0c5,18,1.003370853310730012,,,,ratio_or_price_unverified,False
2026-10-04T11:00:30.605Z,binance_web3_rwa_tokens,VST,ondo,0xf2c24c47805f4f72d3919c8674bfdd401505794b,18,1.003074629364078958,,,,ratio_or_price_unverified,False
2026-10-04T11:00:30.605Z,binance_public_stock_list_type_2,VT,xstocks_public_listing,0x6d5edeebbc6a4099eb8bb289eb3b80d799f7b28c,18,,1,,,ratio_or_price_unverified,False
2026-10-04T11:00:30.605Z,binance_web3_rwa_tokens,VTI,ondo,0x158734153f354cb326ee690c3d55f810dcb0fc90,18,1.007955470059153662,,,,ratio_or_price_unverified,False
2026-10-04T11:00:30.605Z,binance_public_stock_list_type_2,VTI,xstocks_public_listing,0xbd730e618bcd88c82ddee52e10275cf2f88a4777,18,,1,,,ratio_or_price_unverified,False
2026-10-04T11:00:30.605Z,binance_web3_rwa_tokens,VTV,ondo,0xc2dd31b1b3a2f515ce0d48de712c6744c3475170,18,1.014198188008842166,,,,ratio_or_price_unverified,False
2026-10-04T11:00:30.605Z,binance_web3_rwa_tokens,VZ,ondo,0xa3b089c886e6d721f49def8e050f3b9d4362560b,18,1.034801484107482426,,,,ratio_or_price_unverified,False
2026-10-04T11:00:30.605Z,binance_public_stock_list_type_2,WBD,xstocks_public_listing,0xc435b3c41ae56d9bc57b8525f4d522c978f168e8,18,,1,,,ratio_or_price_unverified,False
2026-10-04T11:00:30.605Z,binance_web3_rwa_tokens,WCC,ondo,0x82436bae31ae373258ba567f32087eefc32189f2,18,1.002007841900819795,,,,ratio_or_price_unverified,False
2026-10-04T11:00:30.605Z,binance_web3_rwa_tokens,WDC,bstock,0xebe29695f8047c13d36e7a790ca8c1b239ffad1c,18,1.000224983929808861,,414.57000000,414.4767493921073612462869387,math_only_not_equivalence,False
2026-10-04T11:00:30.605Z,binance_web3_rwa_tokens,WDC,ondo,0xceb29848d04ad3cb46e1fe8e45b82ffac39d797d,18,1.00040472067533532,,,,ratio_or_price_unverified,False
2026-10-04T11:00:30.605Z,binance_web3_rwa_tokens,WFC,ondo,0x629520dee1620def11596f84e85de9f1ff653012,18,1.019332243332157395,,,,ratio_or_price_unverified,False
2026-10-04T11:00:30.605Z,binance_web3_rwa_tokens,WLK,ondo,0xb3d1a5f9bf92f18da643f2ada2f2cdfdae67e9d1,18,1.004879356568364611,,,,ratio_or_price_unverified,False
2026-10-04T11:00:30.605Z,binance_web3_rwa_tokens,WM,ondo,0xce0466bae0e867239719dc386ca84b1f3efe6914,18,1.00885934305972954,,,,ratio_or_price_unverified,False
2026-10-04T11:00:30.605Z,binance_web3_rwa_tokens,WMB,ondo,0x7b7abd762a400c9768cdeeef3c01dae39e0b8427,18,1.01020034150940803,,,,ratio_or_price_unverified,False
2026-10-04T11:00:30.605Z,binance_web3_rwa_tokens,WMT,ondo,0xa7d1e886acf66ec0656df2decb4b7c893a3bab4c,18,1.005855614984698629,,,,ratio_or_price_unverified,False
2026-10-04T11:00:30.605Z,binance_public_stock_list_type_2,WMT,xstocks_public_listing,0x7aefc9965699fbea943e03264d96e50cd4a97b21,18,,1,,,ratio_or_price_unverified,False
2026-10-04T11:00:30.605Z,binance_web3_rwa_tokens,WOLF,ondo,0x55b56cc2cdcbc2c58668f72663be7599a46ed79f,18,1,,,,ratio_or_price_unverified,False
2026-10-04T11:00:30.605Z,binance_web3_rwa_tokens,WS,ondo,0x50e66edb7d0b79ee988f098754a27afaa643b4f5,18,1.006051456731992729,,,,ratio_or_price_unverified,False
2026-10-04T11:00:30.605Z,binance_web3_rwa_tokens,WULF,ondo,0xad56701d9e57957e28e546db7db508a16d4f86cc,18,1,,,,ratio_or_price_unverified,False
2026-10-04T11:00:30.605Z,binance_public_stock_list_type_2,WULF,xstocks_public_listing,0xc0c2150cf0870e2d7abc7cde17c20a542fafbb9b,18,,1,,,ratio_or_price_unverified,False
2026-10-04T11:00:30.605Z,binance_web3_rwa_tokens,WYFI,ondo,0xce128edcf46b281b7df8880867b74e11b055e8e7,18,1,,,,ratio_or_price_unverified,False
2026-10-04T11:00:30.605Z,binance_web3_rwa_tokens,XOM,ondo,0x4d209d275e3492ac08497a7a42915899c4dd5e86,18,1.013993393629342042,,,,ratio_or_price_unverified,False
2026-10-04T11:00:30.605Z,binance_public_stock_list_type_2,XOM,xstocks_public_listing,0xeedb0273c5af792745180e9ff568cd01550ffa13,18,,1,,,ratio_or_price_unverified,False
2026-10-04T11:00:30.605Z,binance_web3_rwa_tokens,XYLD,ondo,0x1fe12abdf560c753acbc63533519d74801e04958,18,1.023148114648697293,,,,ratio_or_price_unverified,False
2026-10-04T11:00:30.605Z,binance_web3_rwa_tokens,XYZ,ondo,0xe778a2e5d953c82eb9475cf3b87654226a867344,18,1,,,,ratio_or_price_unverified,False
2026-10-04T11:00:30.605Z,binance_web3_rwa_tokens,YEAR,ondo,0x4277d20430e901092e259ba9cf7164c37077aaf1,18,1.010787957252217505,,,,ratio_or_price_unverified,False
2026-10-04T11:00:30.605Z,binance_public_stock_list_type_2,YLDE,xstocks_public_listing,0xa96d03fe2479febc69535366933ea053d5acf9dd,18,,1,,,ratio_or_price_unverified,False
