observed_at,origin,ticker,contract,provider_listing,api_platform_id,token_price_usd,token_price_updated_at,token_price_age_seconds,derived_reference_price_usd,reference_price_updated_at,reference_age_seconds,reference_age_status,raw_response_sha256
2026-10-04T10:56:56.427Z,LIVE,AAPL,0x9d275685dc284c8eb1c79f6aba7a63dc75ec890a,xstocks_public_listing,,332.021318996111022631870893117716320561,1790925315000,186101.427,332.021318996111022631870893117716320561,,,UNKNOWN,fe04c9aa4a2841612cc19e5bf599ee9fca9cb7620e6bedce94cca72aebf2daf0
2026-10-04T10:56:56.730Z,LIVE,ABBV,0xfbf2398df672cee4afcc2a4a733222331c742a6a,xstocks_public_listing,,,,,,,,UNKNOWN,71c1e83ae2380e9eef4940e7168aa0e2e597bf8b43e66ac20261ff0ca0835e5c
2026-10-04T10:56:56.032Z,LIVE,ABT,0x89233399708c18ac6887f90a2b4cd8ba5fedd06e,xstocks_public_listing,,,,,,,,UNKNOWN,2a6045957874d92069d9a576dd329c433791b57bcd9509225763ab4cbcbd00d7
2026-10-04T10:56:55.724Z,LIVE,ACN,0x03183ce31b1656b72a55fa6056e287f50c35bbeb,xstocks_public_listing,,,,,,,,UNKNOWN,3b4c01367d92c8c9755b48e8cc9aa7eae7c511f6a53fff010c287a0f2986016e
2026-10-04T10:56:55.724Z,LIVE,ADBE,0x16e0b579be45baae54ceddd52e742b6457a7fe12,xstocks_public_listing,,,,,,,,UNKNOWN,3b4c01367d92c8c9755b48e8cc9aa7eae7c511f6a53fff010c287a0f2986016e
2026-10-04T10:56:55.724Z,LIVE,AMBR,0x2f9a35ab5ddfbc49927bfdeab98a86c53dc6e763,xstocks_public_listing,,,,,,,,UNKNOWN,3b4c01367d92c8c9755b48e8cc9aa7eae7c511f6a53fff010c287a0f2986016e
2026-10-04T10:56:55.724Z,LIVE,AMD,0x3522513e5f146a2006e2901b05f16b2821485e19,xstocks_public_listing,,633.478806512846187877927599568867277,1790956993000,154422.724,633.478806512846187877927599568867277,,,UNKNOWN,3b4c01367d92c8c9755b48e8cc9aa7eae7c511f6a53fff010c287a0f2986016e
2026-10-04T10:56:55.724Z,LIVE,AMZN,0x3557ba345b01efa20a1bddc61f573bfd87195081,xstocks_public_listing,,256.379475804368627468988474820594408,1790146977000,964438.724,256.379475804368627468988474820594408,,,UNKNOWN,3b4c01367d92c8c9755b48e8cc9aa7eae7c511f6a53fff010c287a0f2986016e
2026-10-04T10:56:56.032Z,LIVE,APP,0x50a1291f69d9d3853def8209cfb1af0b46927be1,xstocks_public_listing,,,,,,,,UNKNOWN,2a6045957874d92069d9a576dd329c433791b57bcd9509225763ab4cbcbd00d7
2026-10-04T10:56:56.427Z,LIVE,ASML,0xc0b417e7f83db438631eb5e096684dd742e5294f,xstocks_public_listing,,,,,,,,UNKNOWN,fe04c9aa4a2841612cc19e5bf599ee9fca9cb7620e6bedce94cca72aebf2daf0
2026-10-04T10:56:56.032Z,LIVE,ASTS,0x89b2607878ae19bab8020b8140ed550ef3e953bb,xstocks_public_listing,,,,,,,,UNKNOWN,2a6045957874d92069d9a576dd329c433791b57bcd9509225763ab4cbcbd00d7
2026-10-04T10:56:55.724Z,LIVE,AVGO,0x38bac69cbbd28156796e4163b2b6dcb81e336565,xstocks_public_listing,,361.497429975227093756436781778507689,1789117827000,1993588.724,361.497429975227093756436781778507689,,,UNKNOWN,3b4c01367d92c8c9755b48e8cc9aa7eae7c511f6a53fff010c287a0f2986016e
2026-10-04T10:56:56.032Z,LIVE,AZN,0x5d642505fe1a28897eb3baba665f454755d8daa2,xstocks_public_listing,,20.112422994227428262253868289436460669,1790069646000,1041770.032,20.112422994227428262253868289436460669,,,UNKNOWN,2a6045957874d92069d9a576dd329c433791b57bcd9509225763ab4cbcbd00d7
2026-10-04T10:56:55.724Z,LIVE,BAC,0x314938c596f5ce31c3f75307d2979338c346d7f2,xstocks_public_listing,,510.376278119067600746994945362832152,1789822180000,1289235.724,510.376278119067600746994945362832152,,,UNKNOWN,3b4c01367d92c8c9755b48e8cc9aa7eae7c511f6a53fff010c287a0f2986016e
2026-10-04T10:56:56.730Z,LIVE,BITX,0xe1435b2f302edf42ae84a306a5e1948b270b6ccb,xstocks_public_listing,,,,,,,,UNKNOWN,71c1e83ae2380e9eef4940e7168aa0e2e597bf8b43e66ac20261ff0ca0835e5c
2026-10-04T10:56:56.427Z,LIVE,BMNR,0xaeb681b69e5094e04d11bcef51a71358a374c3ed,xstocks_public_listing,,,,,,,,UNKNOWN,fe04c9aa4a2841612cc19e5bf599ee9fca9cb7620e6bedce94cca72aebf2daf0
2026-10-04T10:56:55.724Z,LIVE,BRK.B,0x12992613fdd35abe95dec5a4964331b1ee23b50d,xstocks_public_listing,,504.873060225057189044766524080952754,1790094257000,1017158.724,504.873060225057189044766524080952754,,,UNKNOWN,3b4c01367d92c8c9755b48e8cc9aa7eae7c511f6a53fff010c287a0f2986016e
2026-10-04T10:56:55.724Z,LIVE,BTBT,0x22e1991e5f82736a2a990322a46aac0e95826c5b,xstocks_public_listing,,,,,,,,UNKNOWN,3b4c01367d92c8c9755b48e8cc9aa7eae7c511f6a53fff010c287a0f2986016e
2026-10-04T10:56:56.427Z,LIVE,CLSK,0xd0194f0f077968da8ca59811e9407f54ae6c9432,xstocks_public_listing,,,,,,,,UNKNOWN,fe04c9aa4a2841612cc19e5bf599ee9fca9cb7620e6bedce94cca72aebf2daf0
2026-10-04T10:56:56.427Z,LIVE,CMCSA,0xbc7170a1280be28513b4e940c681537eb25e39f4,xstocks_public_listing,,226.012810986924914589778058416099932843,1790813649000,297767.427,226.012810986924914589778058416099932843,,,UNKNOWN,fe04c9aa4a2841612cc19e5bf599ee9fca9cb7620e6bedce94cca72aebf2daf0
2026-10-04T10:56:55.724Z,LIVE,COIN,0x364f210f430ec2448fc68a49203040f6124096f0,xstocks_public_listing,,198.887312835602622935487,1790097471000,1013944.724,198.887312835602622935487,,,UNKNOWN,3b4c01367d92c8c9755b48e8cc9aa7eae7c511f6a53fff010c287a0f2986016e
2026-10-04T10:56:56.032Z,LIVE,CORZ,0x51ed5b74a05f256dbd9ebb4e4f68bb41ba10160b,xstocks_public_listing,,,,,,,,UNKNOWN,2a6045957874d92069d9a576dd329c433791b57bcd9509225763ab4cbcbd00d7
2026-10-04T10:56:56.730Z,LIVE,CRCL,0xfebded1b0986a8ee107f5ab1a1c5a813491deceb,xstocks_public_listing,,84.376923972056451889561780564483179618,1790703239000,408177.73,84.376923972056451889561780564483179618,,,UNKNOWN,71c1e83ae2380e9eef4940e7168aa0e2e597bf8b43e66ac20261ff0ca0835e5c
2026-10-04T10:56:56.032Z,LIVE,CRM,0x4a4073f2eaf299a1be22254dcd2c41727f6f54a2,xstocks_public_listing,,,,,,,,UNKNOWN,2a6045957874d92069d9a576dd329c433791b57bcd9509225763ab4cbcbd00d7
2026-10-04T10:56:55.724Z,LIVE,CRWD,0x214151022c2a5e380ab80cdac31f23ae554a7345,xstocks_public_listing,,225.9370602046390890006432,1787855912000,3255503.724,225.9370602046390890006432,,,UNKNOWN,3b4c01367d92c8c9755b48e8cc9aa7eae7c511f6a53fff010c287a0f2986016e
2026-10-04T10:56:55.724Z,LIVE,CSCO,0x053c784cd87b74f42e0c089f98643e79c1a3ff16,xstocks_public_listing,,13.7241906293607525774740062824353684,1784933157000,6178258.724,13.7241906293607525774740062824353684,,,UNKNOWN,3b4c01367d92c8c9755b48e8cc9aa7eae7c511f6a53fff010c287a0f2986016e
2026-10-04T10:56:56.427Z,LIVE,CVX,0xad5cdc3340904285b8159089974a99a1a09eb4c0,xstocks_public_listing,,210.770683122371060419068855565952205557,1789116609000,1994807.427,210.770683122371060419068855565952205557,,,UNKNOWN,fe04c9aa4a2841612cc19e5bf599ee9fca9cb7620e6bedce94cca72aebf2daf0
2026-10-04T10:56:56.730Z,LIVE,DAX,0xfe7b11d43cfd9fd6010f1b3f9cc86e5bcdb2bc78,xstocks_public_listing,,,,,,,,UNKNOWN,71c1e83ae2380e9eef4940e7168aa0e2e597bf8b43e66ac20261ff0ca0835e5c
2026-10-04T10:56:56.032Z,LIVE,DFDV,0x521860bb5df5468358875266b89bfe90d990c6e7,xstocks_public_listing,,,,,,,,UNKNOWN,2a6045957874d92069d9a576dd329c433791b57bcd9509225763ab4cbcbd00d7
2026-10-04T10:56:56.427Z,LIVE,DHR,0xdba228936f4079daf9aa906fd48a87f2300405f4,xstocks_public_listing,,1640.555793752500489527068213986553251966,1788822490000,2288926.427,1640.555793752500489527068213986553251966,,,UNKNOWN,fe04c9aa4a2841612cc19e5bf599ee9fca9cb7620e6bedce94cca72aebf2daf0
2026-10-04T10:56:56.730Z,LIVE,ENHA,0xe75aff5123d9de91a1c27167c6c01b1f5b1eab14,xstocks_public_listing,,,,,,,,UNKNOWN,71c1e83ae2380e9eef4940e7168aa0e2e597bf8b43e66ac20261ff0ca0835e5c
2026-10-04T10:56:56.730Z,LIVE,EWG,0xed2bdd82366728c1f2a7e8b93c4dd4a58404bf65,xstocks_public_listing,,,,,,,,UNKNOWN,71c1e83ae2380e9eef4940e7168aa0e2e597bf8b43e66ac20261ff0ca0835e5c
2026-10-04T10:56:56.730Z,LIVE,EWQ,0xebb35d5b5bf82203812e3c02797ef0cbdbb81146,xstocks_public_listing,,,,,,,,UNKNOWN,71c1e83ae2380e9eef4940e7168aa0e2e597bf8b43e66ac20261ff0ca0835e5c
2026-10-04T10:56:56.032Z,LIVE,EWU,0x6c5287b4ea247031da9e375573e5d1c8a12938ee,xstocks_public_listing,,,,,,,,UNKNOWN,2a6045957874d92069d9a576dd329c433791b57bcd9509225763ab4cbcbd00d7
2026-10-04T10:56:55.724Z,LIVE,EWY,0x299c95eb52bfd5bc98d924bce17197b64864589b,xstocks_public_listing,,,,,,,,UNKNOWN,3b4c01367d92c8c9755b48e8cc9aa7eae7c511f6a53fff010c287a0f2986016e
2026-10-04T10:56:56.730Z,LIVE,FAAA,0xf51565240e667176c532db4139386e6a6e506d99,xstocks_public_listing,,,,,,,,UNKNOWN,71c1e83ae2380e9eef4940e7168aa0e2e597bf8b43e66ac20261ff0ca0835e5c
2026-10-04T10:56:56.427Z,LIVE,FEZ,0xae6d61508125bc541e367a6a8b1f594ecc42f557,xstocks_public_listing,,,,,,,,UNKNOWN,fe04c9aa4a2841612cc19e5bf599ee9fca9cb7620e6bedce94cca72aebf2daf0
2026-10-04T10:56:56.032Z,LIVE,FLBL,0x44314de3e69fd4c99fb638816b58ed2a85d466d9,xstocks_public_listing,,,,,,,,UNKNOWN,2a6045957874d92069d9a576dd329c433791b57bcd9509225763ab4cbcbd00d7
2026-10-04T10:56:55.724Z,LIVE,FLQM,0x16b8fef54489a0beb2cf09f6f16e4cd31aee195a,xstocks_public_listing,,,,,,,,UNKNOWN,3b4c01367d92c8c9755b48e8cc9aa7eae7c511f6a53fff010c287a0f2986016e
2026-10-04T10:56:56.032Z,LIVE,FSML,0x7e8c89a9b9b85029cab43280aabbed600d7e8d36,xstocks_public_listing,,,,,,,,UNKNOWN,2a6045957874d92069d9a576dd329c433791b57bcd9509225763ab4cbcbd00d7
2026-10-04T10:56:55.724Z,LIVE,GDX,0x3a62b4259e5c2e2314e254b2c79ebaf5e57e8cf3,xstocks_public_listing,,,,,,,,UNKNOWN,3b4c01367d92c8c9755b48e8cc9aa7eae7c511f6a53fff010c287a0f2986016e
2026-10-04T10:56:55.724Z,LIVE,GLD,0x2380f2673c640fb67e2d6b55b44c62f0e0e69da9,xstocks_public_listing,,381.79014404976628647797130696078219,1790598353000,513062.724,381.79014404976628647797130696078219,,,UNKNOWN,3b4c01367d92c8c9755b48e8cc9aa7eae7c511f6a53fff010c287a0f2986016e
2026-10-04T10:56:56.730Z,LIVE,GLXY,0xf7f4fac56f012de7dd6adff54c761986b9e0655a,xstocks_public_listing,,,,,,,,UNKNOWN,71c1e83ae2380e9eef4940e7168aa0e2e597bf8b43e66ac20261ff0ca0835e5c
2026-10-04T10:56:56.730Z,LIVE,GME,0xe5f6d3b2405abdfe6f660e63202b25d23763160d,xstocks_public_listing,,238.947463403896551827150763172642192143,1789967437000,1143979.73,238.947463403896551827150763172642192143,,,UNKNOWN,71c1e83ae2380e9eef4940e7168aa0e2e597bf8b43e66ac20261ff0ca0835e5c
2026-10-04T10:56:56.730Z,LIVE,GOOGL,0xe92f673ca36c5e2efd2de7628f815f84807e803f,xstocks_public_listing,,351.283371818932378989589533347250530921,1790777117000,334299.73,351.283371818932378989589533347250530921,,,UNKNOWN,71c1e83ae2380e9eef4940e7168aa0e2e597bf8b43e66ac20261ff0ca0835e5c
2026-10-04T10:56:55.724Z,LIVE,GS,0x3ee7e9b3a992fd23cd1c363b0e296856b04ab149,xstocks_public_listing,,,,,,,,UNKNOWN,3b4c01367d92c8c9755b48e8cc9aa7eae7c511f6a53fff010c287a0f2986016e
2026-10-04T10:56:56.032Z,LIVE,HD,0x766b0cd6ed6d90b5d49d2c36a3761e9728501ba9,xstocks_public_listing,,,,,,,,UNKNOWN,2a6045957874d92069d9a576dd329c433791b57bcd9509225763ab4cbcbd00d7
2026-10-04T10:56:56.032Z,LIVE,HIMS,0x55600dfb3943a2db1a49b250e1e9114e4ad2174f,xstocks_public_listing,,,,,,,,UNKNOWN,2a6045957874d92069d9a576dd329c433791b57bcd9509225763ab4cbcbd00d7
2026-10-04T10:56:56.032Z,LIVE,HON,0x62a48560861b0b451654bfffdb5be6e47aa8ff1b,xstocks_public_listing,,,,,,,,UNKNOWN,2a6045957874d92069d9a576dd329c433791b57bcd9509225763ab4cbcbd00d7
2026-10-04T10:56:56.730Z,LIVE,HOOD,0xe1385fdd5ffb10081cd52c56584f25efa9084015,xstocks_public_listing,,112.872253238992035718703038627158236488,1790809761000,301655.73,112.872253238992035718703038627158236488,,,UNKNOWN,71c1e83ae2380e9eef4940e7168aa0e2e597bf8b43e66ac20261ff0ca0835e5c
2026-10-04T10:56:56.032Z,LIVE,HUT,0x560deb3d70ac90064ff809349cdf9a771a06fd36,xstocks_public_listing,,,,,,,,UNKNOWN,2a6045957874d92069d9a576dd329c433791b57bcd9509225763ab4cbcbd00d7
2026-10-04T10:56:56.427Z,LIVE,IBM,0xd9913208647671fe0f48f7f260076b2c6f310aac,xstocks_public_listing,,33.875931976948852602587052602769544951,1786952660000,4158756.427,33.875931976948852602587052602769544951,,,UNKNOWN,fe04c9aa4a2841612cc19e5bf599ee9fca9cb7620e6bedce94cca72aebf2daf0
2026-10-04T10:56:56.032Z,LIVE,IEMG,0x6a668332825450acd2e449372057d31b3de16a1e,xstocks_public_listing,,,,,,,,UNKNOWN,2a6045957874d92069d9a576dd329c433791b57bcd9509225763ab4cbcbd00d7
2026-10-04T10:56:56.427Z,LIVE,IJR,0xaa28cb97d7f7e172f54dee950743886d2d65447d,xstocks_public_listing,,,,,,,,UNKNOWN,fe04c9aa4a2841612cc19e5bf599ee9fca9cb7620e6bedce94cca72aebf2daf0
2026-10-04T10:56:56.730Z,LIVE,INTC,0xf8a80d1cb9cfd70d03d655d9df42339846f3b3c8,xstocks_public_listing,,102.475405028163051662402177781929170033,1786356766000,4754650.73,102.475405028163051662402177781929170033,,,UNKNOWN,71c1e83ae2380e9eef4940e7168aa0e2e597bf8b43e66ac20261ff0ca0835e5c
2026-10-04T10:56:55.724Z,LIVE,IQM,0x35b8bbd1eb42bb2b5b4894d0fe87b2812442e186,xstocks_public_listing,,,,,,,,UNKNOWN,3b4c01367d92c8c9755b48e8cc9aa7eae7c511f6a53fff010c287a0f2986016e
2026-10-04T10:56:56.730Z,LIVE,IREN,0xfbfc1fd14eec970276c8a3bf5e6131cd751cc0b9,xstocks_public_listing,,,,,,,,UNKNOWN,71c1e83ae2380e9eef4940e7168aa0e2e597bf8b43e66ac20261ff0ca0835e5c
2026-10-04T10:56:56.427Z,LIVE,IWM,0xdadfb355c6110eda0908740d52c834d6c2bcddc7,xstocks_public_listing,,,,,,,,UNKNOWN,fe04c9aa4a2841612cc19e5bf599ee9fca9cb7620e6bedce94cca72aebf2daf0
2026-10-04T10:56:55.724Z,LIVE,JAAA,0x3bf2e3be4a829bb3a5f5be450ae4c8eb3488da71,xstocks_public_listing,,,,,,,,UNKNOWN,3b4c01367d92c8c9755b48e8cc9aa7eae7c511f6a53fff010c287a0f2986016e
2026-10-04T10:56:56.427Z,LIVE,JNJ,0xdb0482cfad4789798623e64b15eeba01b16e917c,xstocks_public_listing,,,,,,,,UNKNOWN,fe04c9aa4a2841612cc19e5bf599ee9fca9cb7620e6bedce94cca72aebf2daf0
2026-10-04T10:56:56.427Z,LIVE,JPM,0xd9fc3e075d45254a1d834fea18af8041207dea0a,xstocks_public_listing,,,,,,,,UNKNOWN,fe04c9aa4a2841612cc19e5bf599ee9fca9cb7620e6bedce94cca72aebf2daf0
2026-10-04T10:56:56.730Z,LIVE,JPST,0xe49922893496b17ac12fdd7c74720a92010d889d,xstocks_public_listing,,,,,,,,UNKNOWN,71c1e83ae2380e9eef4940e7168aa0e2e597bf8b43e66ac20261ff0ca0835e5c
2026-10-04T10:56:56.427Z,LIVE,KO,0xdcc1a2699441079da889b1f49e12b69cc791129b,xstocks_public_listing,,88.266824609959126120995022748763448058,1789623534000,1487882.427,88.266824609959126120995022748763448058,,,UNKNOWN,fe04c9aa4a2841612cc19e5bf599ee9fca9cb7620e6bedce94cca72aebf2daf0
2026-10-04T10:56:55.724Z,LIVE,LIN,0x15059c599c16fd8f70b633ade165502d6402cd49,xstocks_public_listing,,,,,,,,UNKNOWN,3b4c01367d92c8c9755b48e8cc9aa7eae7c511f6a53fff010c287a0f2986016e
2026-10-04T10:56:55.724Z,LIVE,LLY,0x19c41ea77b34bbdee61c3a87a75d1abda2ed0be4,xstocks_public_listing,,1181.17406151497052908710514729165294,1786974599000,4136816.724,1181.17406151497052908710514729165294,,,UNKNOWN,3b4c01367d92c8c9755b48e8cc9aa7eae7c511f6a53fff010c287a0f2986016e
2026-10-04T10:56:56.427Z,LIVE,LNG,0xdce993f8a6dbce7f27434874f5dfe9a8d58509c9,xstocks_public_listing,,,,,,,,UNKNOWN,fe04c9aa4a2841612cc19e5bf599ee9fca9cb7620e6bedce94cca72aebf2daf0
2026-10-04T10:56:56.427Z,LIVE,MA,0xb365cd2588065f522d379ad19e903304f6b622c6,xstocks_public_listing,,,,,,,,UNKNOWN,fe04c9aa4a2841612cc19e5bf599ee9fca9cb7620e6bedce94cca72aebf2daf0
2026-10-04T10:56:56.427Z,LIVE,MARA,0x9d692bffef6f6bedf4274053ff9998efe3b2539e,xstocks_public_listing,,,,,,,,UNKNOWN,fe04c9aa4a2841612cc19e5bf599ee9fca9cb7620e6bedce94cca72aebf2daf0
2026-10-04T10:56:56.032Z,LIVE,MCD,0x80a77a372c1e12accda84299492f404902e2da67,xstocks_public_listing,,248.651350856184562930375480967565055,1790030642000,1080774.032,248.651350856184562930375480967565055,,,UNKNOWN,2a6045957874d92069d9a576dd329c433791b57bcd9509225763ab4cbcbd00d7
2026-10-04T10:56:56.427Z,LIVE,MDLN,0xd5859517180e639d50003fdb434e690ab1fbd21b,xstocks_public_listing,,,,,,,,UNKNOWN,fe04c9aa4a2841612cc19e5bf599ee9fca9cb7620e6bedce94cca72aebf2daf0
2026-10-04T10:56:55.724Z,LIVE,MDT,0x0588e851ec0418d660bee81230d6c678daf21d46,xstocks_public_listing,,,,,,,,UNKNOWN,3b4c01367d92c8c9755b48e8cc9aa7eae7c511f6a53fff010c287a0f2986016e
2026-10-04T10:56:56.427Z,LIVE,META,0x96702be57cd9777f835117a809c7124fe4ec989a,xstocks_public_listing,,573.753797102305679962107408139948762449,1787776088000,3335328.427,573.753797102305679962107408139948762449,,,UNKNOWN,fe04c9aa4a2841612cc19e5bf599ee9fca9cb7620e6bedce94cca72aebf2daf0
2026-10-04T10:56:55.724Z,LIVE,MRK,0x17d8186ed8f68059124190d147174d0f6697dc40,xstocks_public_listing,,,,,,,,UNKNOWN,3b4c01367d92c8c9755b48e8cc9aa7eae7c511f6a53fff010c287a0f2986016e
2026-10-04T10:56:56.730Z,LIVE,MRVL,0xeaad46f4146ded5a47b55aa7f6c48c191deaec88,xstocks_public_listing,,32.491633946853404903224247885232665713,1786538136000,4573280.73,32.491633946853404903224247885232665713,,,UNKNOWN,71c1e83ae2380e9eef4940e7168aa0e2e597bf8b43e66ac20261ff0ca0835e5c
2026-10-04T10:56:56.032Z,LIVE,MSFT,0x5621737f42dae558b81269fcb9e9e70c19aa6b35,xstocks_public_listing,,491.85606822997883867475,1788895000000,2216416.032,491.85606822997883867475,,,UNKNOWN,2a6045957874d92069d9a576dd329c433791b57bcd9509225763ab4cbcbd00d7
2026-10-04T10:56:56.427Z,LIVE,MSTR,0xae2f842ef90c0d5213259ab82639d5bbf649b08e,xstocks_public_listing,,138.856393745918896838404511193916025684,1788849875000,2261541.427,138.856393745918896838404511193916025684,,,UNKNOWN,fe04c9aa4a2841612cc19e5bf599ee9fca9cb7620e6bedce94cca72aebf2daf0
2026-10-04T10:56:56.730Z,LIVE,MU,0xf6a873bae4ba1b304e45df52a4b7d176e1c6a8c4,xstocks_public_listing,,980.484662106214390727899725746808101494,1789072136000,2039280.73,980.484662106214390727899725746808101494,,,UNKNOWN,71c1e83ae2380e9eef4940e7168aa0e2e597bf8b43e66ac20261ff0ca0835e5c
2026-10-04T10:56:56.427Z,LIVE,NET,0x995db25f900e38851cf4e67a05960e66f774530d,xstocks_public_listing,,,,,,,,UNKNOWN,fe04c9aa4a2841612cc19e5bf599ee9fca9cb7620e6bedce94cca72aebf2daf0
2026-10-04T10:56:56.427Z,LIVE,NFLX,0xa6a65ac27e76cd53cb790473e4345c46e5ebf961,xstocks_public_listing,,71.302720129194506196863678605096598194,1790556903000,554513.427,71.302720129194506196863678605096598194,,,UNKNOWN,fe04c9aa4a2841612cc19e5bf599ee9fca9cb7620e6bedce94cca72aebf2daf0
2026-10-04T10:56:55.724Z,LIVE,NLR,0x238c2306b77a0c33ff609e72f89bf7e1323a9999,xstocks_public_listing,,,,,,,,UNKNOWN,3b4c01367d92c8c9755b48e8cc9aa7eae7c511f6a53fff010c287a0f2986016e
2026-10-04T10:56:56.427Z,LIVE,NVDA,0xc845b2894dbddd03858fd2d643b4ef725fe0849d,xstocks_public_listing,,227.987748857223339430457821369468925775,1790763962000,347454.427,227.987748857223339430457821369468925775,,,UNKNOWN,fe04c9aa4a2841612cc19e5bf599ee9fca9cb7620e6bedce94cca72aebf2daf0
2026-10-04T10:56:56.730Z,LIVE,NVO,0xf9523e369c5f55ad72dbaa75b0a9b92b3d8b147e,xstocks_public_listing,,50.79912280213837238261612686487581395,1784289707000,6821709.73,50.79912280213837238261612686487581395,,,UNKNOWN,71c1e83ae2380e9eef4940e7168aa0e2e597bf8b43e66ac20261ff0ca0835e5c
2026-10-04T10:56:56.032Z,LIVE,OKLO,0x4b0ee7c047d43ca403239f28f42115bedb7c0076,xstocks_public_listing,,,,,,,,UNKNOWN,2a6045957874d92069d9a576dd329c433791b57bcd9509225763ab4cbcbd00d7
2026-10-04T10:56:56.032Z,LIVE,ONDS,0x50343212d7aadd7a104dcc7ed751514aa174d9dc,xstocks_public_listing,,,,,,,,UNKNOWN,2a6045957874d92069d9a576dd329c433791b57bcd9509225763ab4cbcbd00d7
2026-10-04T10:56:56.427Z,LIVE,OPEN,0xbee6b69345f376598fe16abd5592c6f844825e66,xstocks_public_listing,,2.415858902188310332509410122885742739,1790753170000,358246.427,2.415858902188310332509410122885742739,,,UNKNOWN,fe04c9aa4a2841612cc19e5bf599ee9fca9cb7620e6bedce94cca72aebf2daf0
2026-10-04T10:56:56.032Z,LIVE,ORCL,0x548308e91ec9f285c7bff05295badbd56a6e4971,xstocks_public_listing,,164.081527379622704245926877011378587,1789074512000,2036904.032,164.081527379622704245926877011378587,,,UNKNOWN,2a6045957874d92069d9a576dd329c433791b57bcd9509225763ab4cbcbd00d7
2026-10-04T10:56:56.730Z,LIVE,PANW,0xe12bb32d77be4db10ddc82088b230d35d097e9c5,xstocks_public_listing,,,,,,,,UNKNOWN,71c1e83ae2380e9eef4940e7168aa0e2e597bf8b43e66ac20261ff0ca0835e5c
2026-10-04T10:56:55.724Z,LIVE,PEP,0x36c424a6ec0e264b1616102ad63ed2ad7857413e,xstocks_public_listing,,676.759957388653288875943708720284609,1790842883000,268532.724,676.759957388653288875943708720284609,,,UNKNOWN,3b4c01367d92c8c9755b48e8cc9aa7eae7c511f6a53fff010c287a0f2986016e
2026-10-04T10:56:55.724Z,LIVE,PFE,0x1ac765b5bea23184802c7d2d497f7c33f1444a9e,xstocks_public_listing,,27.7932799931662276822521074714414374,1788964936000,2146479.724,27.7932799931662276822521074714414374,,,UNKNOWN,3b4c01367d92c8c9755b48e8cc9aa7eae7c511f6a53fff010c287a0f2986016e
2026-10-04T10:56:56.427Z,LIVE,PG,0xa90424d5d3e770e8644103ab503ed775dd1318fd,xstocks_public_listing,,,,,,,,UNKNOWN,fe04c9aa4a2841612cc19e5bf599ee9fca9cb7620e6bedce94cca72aebf2daf0
2026-10-04T10:56:56.032Z,LIVE,PL,0x536825370f1159cba953055f5c2f16ddc7b5a348,xstocks_public_listing,,,,,,,,UNKNOWN,2a6045957874d92069d9a576dd329c433791b57bcd9509225763ab4cbcbd00d7
2026-10-04T10:56:56.032Z,LIVE,PLTR,0x6d482cec5f9dd1f05ccee9fd3ff79b246170f8e2,xstocks_public_listing,,171.72500579504944457531987254268772,1789549313000,1562103.032,171.72500579504944457531987254268772,,,UNKNOWN,2a6045957874d92069d9a576dd329c433791b57bcd9509225763ab4cbcbd00d7
2026-10-04T10:56:55.724Z,LIVE,PM,0x02a6c1789c3b4fdb1a7a3dfa39f90e5d3c94f4f9,xstocks_public_listing,,190.20819212434470703195085079851413,1789654746000,1456669.724,190.20819212434470703195085079851413,,,UNKNOWN,3b4c01367d92c8c9755b48e8cc9aa7eae7c511f6a53fff010c287a0f2986016e
2026-10-04T10:56:56.032Z,LIVE,POPMT,0x4ebf5fd25b02022afad96e2fa25da54a246fded0,xstocks_public_listing,,19.0985898133039815807039493357101622,1791111152000,264.032,19.0985898133039815807039493357101622,,,UNKNOWN,2a6045957874d92069d9a576dd329c433791b57bcd9509225763ab4cbcbd00d7
2026-10-04T10:56:56.730Z,LIVE,PYPL,0xf706585e7e8900be0267bee3b9a2f70835ec6628,xstocks_public_listing,,,,,,,,UNKNOWN,71c1e83ae2380e9eef4940e7168aa0e2e597bf8b43e66ac20261ff0ca0835e5c
2026-10-04T10:56:56.427Z,LIVE,QQQ,0xa753a7395cae905cd615da0b82a53e0560f250af,xstocks_public_listing,,736.954423322552615295389941024098734588,1790699415000,412001.427,736.954423322552615295389941024098734588,,,UNKNOWN,fe04c9aa4a2841612cc19e5bf599ee9fca9cb7620e6bedce94cca72aebf2daf0
2026-10-04T10:56:56.032Z,LIVE,RBLX,0x5d8da1417e3565eb02c9ca8cc588be5d8f65b1c5,xstocks_public_listing,,39.3581836780565016616660644760968975,1787726860000,3384556.032,39.3581836780565016616660644760968975,,,UNKNOWN,2a6045957874d92069d9a576dd329c433791b57bcd9509225763ab4cbcbd00d7
2026-10-04T10:56:55.724Z,LIVE,RCAT,0x1fd2d7adac24b3f9552bc967bffcdce3b92d31b8,xstocks_public_listing,,,,,,,,UNKNOWN,3b4c01367d92c8c9755b48e8cc9aa7eae7c511f6a53fff010c287a0f2986016e
2026-10-04T10:56:56.032Z,LIVE,RIOT,0x6ac47387f0a2798df4c4ee5bb31ab9517ac97cb8,xstocks_public_listing,,,,,,,,UNKNOWN,2a6045957874d92069d9a576dd329c433791b57bcd9509225763ab4cbcbd00d7
2026-10-04T10:56:56.032Z,LIVE,SATA,0x7c7445a40926152b8d24abdb9020e219d3d3380a,xstocks_public_listing,,,,,,,,UNKNOWN,2a6045957874d92069d9a576dd329c433791b57bcd9509225763ab4cbcbd00d7
2026-10-04T10:56:55.724Z,LIVE,SBET,0x338791c58fded314b81eab139a1a2fb7967d90d6,xstocks_public_listing,,,,,,,,UNKNOWN,3b4c01367d92c8c9755b48e8cc9aa7eae7c511f6a53fff010c287a0f2986016e
2026-10-04T10:56:56.730Z,LIVE,SCHF,0xf6d87e523512704c29e9b7ca3e9e6226bdce3ea1,xstocks_public_listing,,,,,,,,UNKNOWN,71c1e83ae2380e9eef4940e7168aa0e2e597bf8b43e66ac20261ff0ca0835e5c
2026-10-04T10:56:56.032Z,LIVE,SOXL,0x53ee7f58cf031ea4d897fdfcdafad124b3160689,xstocks_public_listing,,,,,,,,UNKNOWN,2a6045957874d92069d9a576dd329c433791b57bcd9509225763ab4cbcbd00d7
2026-10-04T10:56:56.032Z,LIVE,SOXX,0x7b14968d19a6c051d6613716ea71f2dade46db9c,xstocks_public_listing,,,,,,,,UNKNOWN,2a6045957874d92069d9a576dd329c433791b57bcd9509225763ab4cbcbd00d7
2026-10-04T10:56:56.032Z,LIVE,SPCE,0x7f8ba411ecbc0a135d669d5eae5d15b0ca0b0ea1,xstocks_public_listing,,,,,,,,UNKNOWN,2a6045957874d92069d9a576dd329c433791b57bcd9509225763ab4cbcbd00d7
2026-10-04T10:56:56.032Z,LIVE,SPCX,0x68fa48b1c2fe52b3d776e1953e0e782b5044ce28,xstocks_public_listing,,159.387811559643045302219309541217701273,1791105416000,6000.032,159.387811559643045302219309541217701273,,,UNKNOWN,2a6045957874d92069d9a576dd329c433791b57bcd9509225763ab4cbcbd00d7
2026-10-04T10:56:56.427Z,LIVE,SPY,0x90a2a4c76b5d8c0bc892a69ea28aa775a8f2dd48,xstocks_public_listing,,771.577326224264925092884368162894652154,1791018480000,92936.427,771.577326224264925092884368162894652154,,,UNKNOWN,fe04c9aa4a2841612cc19e5bf599ee9fca9cb7620e6bedce94cca72aebf2daf0
2026-10-04T10:56:55.724Z,LIVE,STRC,0x1aad217b8f78dba5e6693460e8470f8b1a3977f3,xstocks_public_listing,,80.479063821771288163783450031914246,1782775569000,8335846.724,80.479063821771288163783450031914246,,,UNKNOWN,3b4c01367d92c8c9755b48e8cc9aa7eae7c511f6a53fff010c287a0f2986016e
2026-10-04T10:56:55.724Z,LIVE,STRK,0x38e0445308e7fcd5230f2df6b52b36dd4ff313b6,xstocks_public_listing,,,,,,,,UNKNOWN,3b4c01367d92c8c9755b48e8cc9aa7eae7c511f6a53fff010c287a0f2986016e
2026-10-04T10:56:56.032Z,LIVE,TBLL,0x4cbf89ed7bb30b8a860fa86d3c96e9c72931299b,xstocks_public_listing,,,,,,,,UNKNOWN,2a6045957874d92069d9a576dd329c433791b57bcd9509225763ab4cbcbd00d7
2026-10-04T10:56:55.724Z,LIVE,TCENT,0x41333df9e7639188bbfca5522dc4844398af9f9e,xstocks_public_listing,,53.2976134097655395524247973008222104,1791111380000,35.724,53.2976134097655395524247973008222104,,,UNKNOWN,3b4c01367d92c8c9755b48e8cc9aa7eae7c511f6a53fff010c287a0f2986016e
2026-10-04T10:56:56.427Z,LIVE,TMO,0xaf072f109a2c173d822a4fe9af311a1b18f83d19,xstocks_public_listing,,,,,,,,UNKNOWN,fe04c9aa4a2841612cc19e5bf599ee9fca9cb7620e6bedce94cca72aebf2daf0
2026-10-04T10:56:56.032Z,LIVE,TMUS,0x68f3ddee8bae33691e7cd0372984fd857e842760,xstocks_public_listing,,,,,,,,UNKNOWN,2a6045957874d92069d9a576dd329c433791b57bcd9509225763ab4cbcbd00d7
2026-10-04T10:56:56.730Z,LIVE,TONX,0xe95ab205e333443d7970336d5fd827ef9ed97608,xstocks_public_listing,,,,,,,,UNKNOWN,71c1e83ae2380e9eef4940e7168aa0e2e597bf8b43e66ac20261ff0ca0835e5c
2026-10-04T10:56:56.730Z,LIVE,TQQQ,0xfdddb57878ef9d6f681ec4381dcb626b9e69ac86,xstocks_public_listing,,72.413992344531584831863315560958421139,1789728084000,1383332.73,72.413992344531584831863315560958421139,,,UNKNOWN,71c1e83ae2380e9eef4940e7168aa0e2e597bf8b43e66ac20261ff0ca0835e5c
2026-10-04T10:56:56.427Z,LIVE,TSLA,0x8ad3c73f833d3f9a523ab01476625f269aeb7cf0,xstocks_public_listing,,356.128173841112031277079999999999999521,1790936394000,175022.427,356.128173841112031277079999999999999521,,,UNKNOWN,fe04c9aa4a2841612cc19e5bf599ee9fca9cb7620e6bedce94cca72aebf2daf0
2026-10-04T10:56:56.427Z,LIVE,TSM,0x9e3bf4ecfc44eedd624f26656b6736a3f093b073,xstocks_public_listing,,391.281152139753433008839999999999999947,1785173917000,5937499.427,391.281152139753433008839999999999999947,,,UNKNOWN,fe04c9aa4a2841612cc19e5bf599ee9fca9cb7620e6bedce94cca72aebf2daf0
2026-10-04T10:56:56.427Z,LIVE,UBER,0xdb9783ca04bbd64fe2c6d7b9503a979b3de30729,xstocks_public_listing,,8.51373564402171841114,1781604483000,9506933.427,8.51373564402171841114,,,UNKNOWN,fe04c9aa4a2841612cc19e5bf599ee9fca9cb7620e6bedce94cca72aebf2daf0
2026-10-04T10:56:55.724Z,LIVE,UNH,0x167a6375da1efc4a5be0f470e73ecefd66245048,xstocks_public_listing,,401.496578760861059027190363961350156,1786719353000,4392062.724,401.496578760861059027190363961350156,,,UNKNOWN,3b4c01367d92c8c9755b48e8cc9aa7eae7c511f6a53fff010c287a0f2986016e
2026-10-04T10:56:55.724Z,LIVE,USPX,0x368192fec58e3150600a1409c631c77f45745bec,xstocks_public_listing,,,,,,,,UNKNOWN,3b4c01367d92c8c9755b48e8cc9aa7eae7c511f6a53fff010c287a0f2986016e
2026-10-04T10:56:55.724Z,LIVE,V,0x2363fd1235c1b6d3a5088ddf8df3a0b3a30c5293,xstocks_public_listing,,,,,,,,UNKNOWN,3b4c01367d92c8c9755b48e8cc9aa7eae7c511f6a53fff010c287a0f2986016e
2026-10-04T10:56:56.032Z,LIVE,VIDA,0x44e49dde02c954cd9b67923af7b1070412e8f34e,xstocks_public_listing,,,,,,,,UNKNOWN,2a6045957874d92069d9a576dd329c433791b57bcd9509225763ab4cbcbd00d7
2026-10-04T10:56:56.730Z,LIVE,VOO,0xffae0b911cb2cb7b49fd75011d99d137c040a9ef,xstocks_public_listing,,,,,,,,UNKNOWN,71c1e83ae2380e9eef4940e7168aa0e2e597bf8b43e66ac20261ff0ca0835e5c
2026-10-04T10:56:56.032Z,LIVE,VT,0x6d5edeebbc6a4099eb8bb289eb3b80d799f7b28c,xstocks_public_listing,,160.6000025624741093907,1787658738000,3452678.032,160.6000025624741093907,,,UNKNOWN,2a6045957874d92069d9a576dd329c433791b57bcd9509225763ab4cbcbd00d7
2026-10-04T10:56:56.427Z,LIVE,VTI,0xbd730e618bcd88c82ddee52e10275cf2f88a4777,xstocks_public_listing,,374.988775162519679582627718588409580794,1789756328000,1355088.427,374.988775162519679582627718588409580794,,,UNKNOWN,fe04c9aa4a2841612cc19e5bf599ee9fca9cb7620e6bedce94cca72aebf2daf0
2026-10-04T10:56:56.427Z,LIVE,WBD,0xc435b3c41ae56d9bc57b8525f4d522c978f168e8,xstocks_public_listing,,,,,,,,UNKNOWN,fe04c9aa4a2841612cc19e5bf599ee9fca9cb7620e6bedce94cca72aebf2daf0
2026-10-04T10:56:56.032Z,LIVE,WMT,0x7aefc9965699fbea943e03264d96e50cd4a97b21,xstocks_public_listing,,105.970058290314680160727279864600874,1787642241000,3469175.032,105.970058290314680160727279864600874,,,UNKNOWN,2a6045957874d92069d9a576dd329c433791b57bcd9509225763ab4cbcbd00d7
2026-10-04T10:56:56.427Z,LIVE,WULF,0xc0c2150cf0870e2d7abc7cde17c20a542fafbb9b,xstocks_public_listing,,,,,,,,UNKNOWN,fe04c9aa4a2841612cc19e5bf599ee9fca9cb7620e6bedce94cca72aebf2daf0
2026-10-04T10:56:56.730Z,LIVE,XOM,0xeedb0273c5af792745180e9ff568cd01550ffa13,xstocks_public_listing,,163.970011789862687605852232783912051773,1789076670000,2034746.73,163.970011789862687605852232783912051773,,,UNKNOWN,71c1e83ae2380e9eef4940e7168aa0e2e597bf8b43e66ac20261ff0ca0835e5c
2026-10-04T10:56:56.427Z,LIVE,YLDE,0xa96d03fe2479febc69535366933ea053d5acf9dd,xstocks_public_listing,,,,,,,,UNKNOWN,fe04c9aa4a2841612cc19e5bf599ee9fca9cb7620e6bedce94cca72aebf2daf0
