ticker,provider,contract,sample_count,first_observed_at,last_observed_at,token_price_range_pct
AAOI,bstock,0x10343ef7da3301493d7ecb647d68a288c6c1db2f,12,2026-10-04T10:45:02.432Z,2026-10-04T11:40:02.553Z,0.1114636028466089342364743205
AAPL,ondo,0x390a684ef9cade28a7ad0dfa61ab1eb3842618c4,12,2026-10-04T10:45:02.433Z,2026-10-04T11:40:02.554Z,0.03299389612921609490881656798
AMD,bstock,0x75fd4cf6f8392e41e70391d60c90c0d5211603a1,12,2026-10-04T10:45:02.434Z,2026-10-04T11:40:02.555Z,0.1944110766896377315546563824
ARM,bstock,0xd42a79ebb7f527f40faecd196ffb47ad5e8d6f8c,12,2026-10-04T10:45:02.435Z,2026-10-04T11:40:02.555Z,0.2697344902668096584446394332
AVGO,bstock,0x76682c454467b3a1150ad8b6a92fc5ee2c21d7ed,12,2026-10-04T10:45:02.435Z,2026-10-04T11:40:02.556Z,0.02523694689024732207952442376
AXTI,bstock,0x9bdc8b470dbf89dbcb123587c6f5e49cca3463be,12,2026-10-04T10:45:02.436Z,2026-10-04T11:40:02.557Z,0.2096436058700209643605870021
BABA,bstock,0x4ef9d3062c7f6eba4aae4990c5036598c6eff4ec,12,2026-10-04T10:45:02.436Z,2026-10-04T11:40:02.558Z,0.02818489289740698985343855693
CBRS,bstock,0xe81c6bb0266cd68b4f17278531dd03ea1f12da4e,12,2026-10-04T10:45:02.437Z,2026-10-04T11:40:02.558Z,1.257966195622055971183153228
COIN,bstock,0x585bde7c54abb5ccd7791f923d6c2187635f3952,12,2026-10-04T10:45:02.438Z,2026-10-04T11:40:02.558Z,0.08637909625870539329482265292
COIN,ondo,0xf8589b526fdd65f7f301c605a6e04f0f1b4b3620,12,2026-10-04T10:45:02.438Z,2026-10-04T11:40:02.559Z,0.1079651272638937623147723285
CRCL,bstock,0x80f3d493ebce97e343c53d29a137942416b4ffc0,12,2026-10-04T10:45:02.439Z,2026-10-04T11:40:02.560Z,0.1443348568679336059658407505
CRWV,bstock,0x33e7317e17838fee56b10fe8d0b9ca6ca3090c95,12,2026-10-04T10:45:02.440Z,2026-10-04T11:40:02.560Z,0.1005811354492624050067054090
GLW,bstock,0x740e075cbbea22a082b9d6679e65e82767875b6a,12,2026-10-04T10:45:02.441Z,2026-10-04T11:40:02.561Z,0.1093360869829314219765534836
GOOGL,bstock,0x3f53de71c126bdabae20f9cd64848d317f6c3238,12,2026-10-04T10:45:02.442Z,2026-10-04T11:40:02.561Z,0.03488777764856378648680079079
HOOD,bstock,0xa394dcea3fd3847fd793afbfd163e2e3858b7c65,12,2026-10-04T10:45:02.443Z,2026-10-04T11:40:02.562Z,0.1411308106200934991620358119
IBM,bstock,0xfa273b076feb8c0fb34e554ae341082323d016a3,12,2026-10-04T10:45:02.443Z,2026-10-04T11:40:02.562Z,0.05368647100930565497494631353
INTC,bstock,0xe614e2fc6c787035ff51f452e8e826bfd32d5283,12,2026-10-04T10:45:02.444Z,2026-10-04T11:40:02.563Z,0.2524827470122874936879313247
LITE,bstock,0x64748bea17b6d19e242adf20425de2440c656142,12,2026-10-04T10:45:02.445Z,2026-10-04T11:40:02.563Z,0.08872708645860012440086348835
META,bstock,0x7425889fe94f9d693e8daefe88bcced6acfef4c0,12,2026-10-04T10:45:02.446Z,2026-10-04T11:40:02.563Z,0.06308542589519590767585062468
MRVL,bstock,0x16cd4fe7e8880ecc3ba222795229e20489fc2c76,12,2026-10-04T10:45:02.446Z,2026-10-04T11:40:02.564Z,0.1826417299824663939216832262
MSFT,bstock,0x80106cb3ead06659a5ad19df39d9b4733863b9b0,12,2026-10-04T10:45:02.447Z,2026-10-04T11:40:02.564Z,0.04828118964851293935882580147
MSTR,bstock,0xe87afb3076aeb0f9b14e368de8145ae6a2826a14,12,2026-10-04T10:45:02.448Z,2026-10-04T11:40:02.565Z,0.6491518157878620858595137485
MSTR,ondo,0x7313ea16493b2f55054df0131a3a14b043ec8992,12,2026-10-04T10:45:02.449Z,2026-10-04T11:40:02.565Z,0.6149421770788716881845438414
MU,bstock,0xcdf2f3e0fa43c47a6662a91c9e4a7c5f69762699,12,2026-10-04T10:45:02.450Z,2026-10-04T11:40:02.566Z,0.1591655977604464126883069462
NBIS,bstock,0xe256bc2a4f5297f8ba6f043f180a46300ecbcbb1,12,2026-10-04T10:45:02.451Z,2026-10-04T11:40:02.566Z,0.03307425169505539937158921779
NOK,bstock,0x7c4d7a180d737dd5a70d8065a90e6746a69c37ea,12,2026-10-04T10:45:02.451Z,2026-10-04T11:40:02.567Z,0.4739336492890995260663507109
NVDA,bstock,0x02fca66c1d1afb4e2a7884261eb00f63598a7436,12,2026-10-04T10:45:02.452Z,2026-10-04T11:40:02.567Z,0.03835826620636747219025700038
NVDA,ondo,0xa9ee28c80f960b889dfbd1902055218cba016f75,12,2026-10-04T10:45:02.452Z,2026-10-04T11:40:02.568Z,0.02981070204203308987926665673
ORCL,bstock,0x4684d9887fc1c71cba7bab8e88835cec217eb598,12,2026-10-04T10:45:02.453Z,2026-10-04T11:40:02.568Z,0.08422825858075384291429774689
PLTR,bstock,0x0ca5d51d0277bd006fd9607d3e560785ebad8222,12,2026-10-04T10:45:02.454Z,2026-10-04T11:40:02.568Z,0.01582361938920829157655994514
QCOM,bstock,0x5f7a56e877b9130608bf8be962621011182fefe1,12,2026-10-04T10:45:02.454Z,2026-10-04T11:40:02.569Z,0.07502277477091259846739188682
QNT,bstock,0xd721c192d612db77621df57a9fab38418033c02e,12,2026-10-04T10:45:02.455Z,2026-10-04T11:40:02.569Z,0.3223726627981947130883301096
RKLB,bstock,0xc8da12cbcce7c45180692a6420b0076e03a5179a,12,2026-10-04T10:45:02.455Z,2026-10-04T11:40:02.570Z,0.2020202020202020202020202020
SKHY,bstock,0xca750ef65f295bbecd685abf54e82caf297bdb61,12,2026-10-04T10:45:02.456Z,2026-10-04T11:40:02.570Z,0.09194932570494483040457703310
SNDK,bstock,0x3ee4df61bd4f867e349beae8bfe07bc31b4850fb,12,2026-10-04T10:45:02.456Z,2026-10-04T11:40:02.571Z,0.05009436380157971993755679303
SPCX,bstock,0xbe9d156892e55e7154bcd3cb0fea677f9d3103e1,12,2026-10-04T10:45:02.457Z,2026-10-04T11:40:02.571Z,0.03770028275212064090480678605
TSLA,bstock,0x5b1910eaad6450e50f816082aa078c41f10c292f,12,2026-10-04T10:45:02.457Z,2026-10-04T11:40:02.571Z,0.01615508885298869143780290792
TSLA,ondo,0x2494b603319d4d9f9715c9f4496d9e0364b59d93,12,2026-10-04T10:45:02.457Z,2026-10-04T11:40:02.572Z,0.01883264504499656976822394705
TSM,bstock,0xab78b89b5bb00236be0b4b20704cbfa04efc711c,12,2026-10-04T10:45:02.458Z,2026-10-04T11:40:02.572Z,0.06542292757048792841465473578
WDC,bstock,0xebe29695f8047c13d36e7a790ca8c1b239ffad1c,12,2026-10-04T10:45:02.458Z,2026-10-04T11:40:02.573Z,0.1906140668355652069007117867
