ticker,provider,contract,sample_count,first_observed_at,last_observed_at,first_token_price_usd,last_token_price_usd,min_token_price_usd,max_token_price_usd,observed_token_price_range_pct,token_price_timestamp_changed,reference_price_updated_at,reference_age_seconds,reference_age_status
AAOI,bstock,0x10343ef7da3301493d7ecb647d68a288c6c1db2f,13,2026-10-04T10:43:40.693Z,2026-10-04T11:40:02.553Z,116.69000000,116.63000000,116.63000000,116.76000000,0.1114636028466089342364743205,True,,,UNKNOWN
AAPL,ondo,0x390a684ef9cade28a7ad0dfa61ab1eb3842618c4,17,2026-10-04T10:22:07.442Z,2026-10-04T11:40:02.554Z,334.640971233469826159,334.550667386833206264,334.520566104620999632,334.651004994207228369,0.03899278633452811213778910009,True,,,UNKNOWN
AMD,bstock,0x75fd4cf6f8392e41e70391d60c90c0d5211603a1,13,2026-10-04T10:43:40.694Z,2026-10-04T11:40:02.555Z,633.06000000,632.68000000,632.68000000,633.91000000,0.1944110766896377315546563824,True,,,UNKNOWN
ARM,bstock,0xd42a79ebb7f527f40faecd196ffb47ad5e8d6f8c,13,2026-10-04T10:43:40.695Z,2026-10-04T11:40:02.555Z,308.21000000,308.18000000,307.71000000,308.54000000,0.2697344902668096584446394332,True,,,UNKNOWN
AVGO,bstock,0x76682c454467b3a1150ad8b6a92fc5ee2c21d7ed,13,2026-10-04T10:43:40.696Z,2026-10-04T11:40:02.556Z,356.63000000,356.69000000,356.62000000,356.71000000,0.02523694689024732207952442376,True,,,UNKNOWN
AXTI,bstock,0x9bdc8b470dbf89dbcb123587c6f5e49cca3463be,13,2026-10-04T10:43:40.697Z,2026-10-04T11:40:02.557Z,85.86000000,85.93000000,85.86000000,86.04000000,0.2096436058700209643605870021,True,,,UNKNOWN
BABA,bstock,0x4ef9d3062c7f6eba4aae4990c5036598c6eff4ec,13,2026-10-04T10:43:40.697Z,2026-10-04T11:40:02.558Z,106.46000000,106.46000000,106.44000000,106.47000000,0.02818489289740698985343855693,True,,,UNKNOWN
CBRS,bstock,0xe81c6bb0266cd68b4f17278531dd03ea1f12da4e,13,2026-10-04T10:43:40.698Z,2026-10-04T11:40:02.558Z,182.53000000,180.45000000,180.45000000,182.72000000,1.257966195622055971183153228,True,,,UNKNOWN
COIN,bstock,0x585bde7c54abb5ccd7791f923d6c2187635f3952,17,2026-10-04T10:22:07.443Z,2026-10-04T11:40:02.558Z,185.30000000,185.34000000,185.23000000,185.39000000,0.08637909625870539329482265292,True,,,UNKNOWN
COIN,ondo,0xf8589b526fdd65f7f301c605a6e04f0f1b4b3620,17,2026-10-04T10:22:07.443Z,2026-10-04T11:40:02.559Z,185.455,185.245,185.245,185.455,0.1133633836270884504305109450,True,,,UNKNOWN
CRCL,bstock,0x80f3d493ebce97e343c53d29a137942416b4ffc0,13,2026-10-04T10:43:40.699Z,2026-10-04T11:40:02.560Z,83.16000000,83.22000000,83.14000000,83.26000000,0.1443348568679336059658407505,True,,,UNKNOWN
CRWV,bstock,0x33e7317e17838fee56b10fe8d0b9ca6ca3090c95,13,2026-10-04T10:43:40.700Z,2026-10-04T11:40:02.560Z,89.48000000,89.51000000,89.48000000,89.57000000,0.1005811354492624050067054090,True,,,UNKNOWN
GLW,bstock,0x740e075cbbea22a082b9d6679e65e82767875b6a,13,2026-10-04T10:43:40.701Z,2026-10-04T11:40:02.561Z,164.74000000,164.78000000,164.63000000,164.81000000,0.1093360869829314219765534836,True,,,UNKNOWN
GOOGL,bstock,0x3f53de71c126bdabae20f9cd64848d317f6c3238,13,2026-10-04T10:43:40.702Z,2026-10-04T11:40:02.561Z,344.07000000,344.00000000,343.96000000,344.08000000,0.03488777764856378648680079079,True,,,UNKNOWN
HOOD,bstock,0xa394dcea3fd3847fd793afbfd163e2e3858b7c65,13,2026-10-04T10:43:40.703Z,2026-10-04T11:40:02.562Z,113.52000000,113.52000000,113.37000000,113.53000000,0.1411308106200934991620358119,True,,,UNKNOWN
IBM,bstock,0xfa273b076feb8c0fb34e554ae341082323d016a3,13,2026-10-04T10:43:40.704Z,2026-10-04T11:40:02.562Z,223.60000000,223.60000000,223.52000000,223.64000000,0.05368647100930565497494631353,True,,,UNKNOWN
INTC,bstock,0xe614e2fc6c787035ff51f452e8e826bfd32d5283,13,2026-10-04T10:43:40.705Z,2026-10-04T11:40:02.563Z,118.83000000,118.87000000,118.82000000,119.12000000,0.2524827470122874936879313247,True,,,UNKNOWN
LITE,bstock,0x64748bea17b6d19e242adf20425de2440c656142,13,2026-10-04T10:43:40.705Z,2026-10-04T11:40:02.563Z,1094.21000000,1093.24000000,1093.24000000,1094.21000000,0.08872708645860012440086348835,True,,,UNKNOWN
META,bstock,0x7425889fe94f9d693e8daefe88bcced6acfef4c0,13,2026-10-04T10:43:40.706Z,2026-10-04T11:40:02.563Z,729.30000000,729.63000000,729.17000000,729.63000000,0.06308542589519590767585062468,True,,,UNKNOWN
MRVL,bstock,0x16cd4fe7e8880ecc3ba222795229e20489fc2c76,13,2026-10-04T10:43:40.706Z,2026-10-04T11:40:02.564Z,273.98000000,274.21000000,273.76000000,274.26000000,0.1826417299824663939216832262,True,,,UNKNOWN
MSFT,bstock,0x80106cb3ead06659a5ad19df39d9b4733863b9b0,13,2026-10-04T10:43:40.707Z,2026-10-04T11:40:02.564Z,518.05000000,517.98000000,517.80000000,518.05000000,0.04828118964851293935882580147,True,,,UNKNOWN
MSTR,bstock,0xe87afb3076aeb0f9b14e368de8145ae6a2826a14,17,2026-10-04T10:22:07.444Z,2026-10-04T11:40:02.565Z,163.99000000,163.29000000,163.29000000,164.35000000,0.6491518157878620858595137485,True,,,UNKNOWN
MSTR,ondo,0x7313ea16493b2f55054df0131a3a14b043ec8992,17,2026-10-04T10:22:07.444Z,2026-10-04T11:40:02.565Z,164.065,163.43,163.43,164.435,0.6149421770788716881845438414,True,,,UNKNOWN
MU,bstock,0xcdf2f3e0fa43c47a6662a91c9e4a7c5f69762699,13,2026-10-04T10:43:40.708Z,2026-10-04T11:40:02.566Z,1068.20000000,1069.15000000,1068.07000000,1069.77000000,0.1591655977604464126883069462,True,,,UNKNOWN
NBIS,bstock,0xe256bc2a4f5297f8ba6f043f180a46300ecbcbb1,13,2026-10-04T10:43:40.708Z,2026-10-04T11:40:02.566Z,241.90000000,241.96000000,241.88000000,241.96000000,0.03307425169505539937158921779,True,,,UNKNOWN
NOK,bstock,0x7c4d7a180d737dd5a70d8065a90e6746a69c37ea,13,2026-10-04T10:43:40.709Z,2026-10-04T11:40:02.567Z,10.60000000,10.58000000,10.55000000,10.60000000,0.4739336492890995260663507109,True,,,UNKNOWN
NVDA,bstock,0x02fca66c1d1afb4e2a7884261eb00f63598a7436,17,2026-10-04T10:22:07.444Z,2026-10-04T11:40:02.567Z,234.77000000,234.67000000,234.63000000,234.77000000,0.05966841409879384562928866726,True,,,UNKNOWN
NVDA,ondo,0xa9ee28c80f960b889dfbd1902055218cba016f75,17,2026-10-04T10:22:07.445Z,2026-10-04T11:40:02.568Z,235.327954823397903765,235.237800451006264683,235.217766146030344887,235.327954823397903765,0.04684538892319485552456188915,True,,,UNKNOWN
ORCL,bstock,0x4684d9887fc1c71cba7bab8e88835cec217eb598,13,2026-10-04T10:43:40.710Z,2026-10-04T11:40:02.568Z,142.48000000,142.59000000,142.47000000,142.59000000,0.08422825858075384291429774689,True,,,UNKNOWN
PLTR,bstock,0x0ca5d51d0277bd006fd9607d3e560785ebad8222,13,2026-10-04T10:43:40.710Z,2026-10-04T11:40:02.568Z,189.59000000,189.62000000,189.59000000,189.62000000,0.01582361938920829157655994514,True,,,UNKNOWN
QCOM,bstock,0x5f7a56e877b9130608bf8be962621011182fefe1,13,2026-10-04T10:43:40.711Z,2026-10-04T11:40:02.569Z,186.61000000,186.75000000,186.61000000,186.75000000,0.07502277477091259846739188682,True,,,UNKNOWN
QNT,bstock,0xd721c192d612db77621df57a9fab38418033c02e,13,2026-10-04T10:43:40.712Z,2026-10-04T11:40:02.569Z,46.59000000,46.68000000,46.53000000,46.68000000,0.3223726627981947130883301096,True,,,UNKNOWN
RKLB,bstock,0xc8da12cbcce7c45180692a6420b0076e03a5179a,13,2026-10-04T10:43:40.712Z,2026-10-04T11:40:02.570Z,74.31000000,74.40000000,74.25000000,74.40000000,0.2020202020202020202020202020,True,,,UNKNOWN
SKHY,bstock,0xca750ef65f295bbecd685abf54e82caf297bdb61,13,2026-10-04T10:43:40.713Z,2026-10-04T11:40:02.570Z,195.91000000,195.76000000,195.76000000,195.94000000,0.09194932570494483040457703310,True,,,UNKNOWN
SNDK,bstock,0x3ee4df61bd4f867e349beae8bfe07bc31b4850fb,13,2026-10-04T10:43:40.714Z,2026-10-04T11:40:02.571Z,1717.47000000,1716.90000000,1716.76000000,1717.62000000,0.05009436380157971993755679303,True,,,UNKNOWN
SPCX,bstock,0xbe9d156892e55e7154bcd3cb0fea677f9d3103e1,13,2026-10-04T10:43:40.715Z,2026-10-04T11:40:02.571Z,159.18000000,159.21000000,159.15000000,159.21000000,0.03770028275212064090480678605,True,,,UNKNOWN
TSLA,bstock,0x5b1910eaad6450e50f816082aa078c41f10c292f,17,2026-10-04T10:22:07.445Z,2026-10-04T11:40:02.571Z,371.48000000,371.40000000,371.39000000,371.48000000,0.02423328576429090713266377662,True,,,UNKNOWN
TSLA,ondo,0x2494b603319d4d9f9715c9f4496d9e0364b59d93,17,2026-10-04T10:22:07.446Z,2026-10-04T11:40:02.572Z,371.775,371.695,371.695,371.775,0.02152302290856750830654165378,True,,,UNKNOWN
TSM,bstock,0xab78b89b5bb00236be0b4b20704cbfa04efc711c,13,2026-10-04T10:43:40.716Z,2026-10-04T11:40:02.572Z,474.00000000,473.84000000,473.84000000,474.15000000,0.06542292757048792841465473578,True,,,UNKNOWN
WDC,bstock,0xebe29695f8047c13d36e7a790ca8c1b239ffad1c,13,2026-10-04T10:43:40.716Z,2026-10-04T11:40:02.573Z,414.52000000,414.58000000,414.45000000,415.24000000,0.1906140668355652069007117867,True,,,UNKNOWN
