friday_ny,start_utc,end_utc,btc_open,btc_end_open,btc_return_pct,btc_max_abs_from_open_pct,btc_quote_volume_usdt,mstrb_open,mstrb_end_open,mstrb_return_pct,mstrb_max_abs_from_open_pct,mstrb_quote_volume_usdt,coinb_open,coinb_end_open,coinb_return_pct,coinb_max_abs_from_open_pct,coinb_quote_volume_usdt
2026-07-24,2026-07-25T00:00:00+00:00,2026-07-27T00:00:00+00:00,64140.00000000,65400.00000000,1.96445,1.98424,1082116153.55,91.26000000,94.92000000,4.01052,4.14201,484313.18,158.14000000,162.86000000,2.98470,2.98470,162469.42
2026-07-31,2026-08-01T00:00:00+00:00,2026-08-03T00:00:00+00:00,62887.88000000,63570.01000000,1.08468,1.11646,1007050446.18,92.89000000,94.39000000,1.61481,1.92701,1191963.63,146.11000000,147.51000000,0.95818,1.32777,457697.97
2026-08-07,2026-08-08T00:00:00+00:00,2026-08-10T00:00:00+00:00,64923.20000000,64901.59000000,-0.03329,0.51878,831817566.23,100.18000000,101.84000000,1.65702,3.15432,929805.47,154.01000000,154.22000000,0.13635,0.96747,496771.75
2026-08-14,2026-08-15T00:00:00+00:00,2026-08-17T00:00:00+00:00,63043.56000000,62900.00000000,-0.22772,0.34332,639588680.91,93.22000000,93.78000000,0.60073,1.36237,621366.44,149.22000000,149.10000000,-0.08042,0.53612,74409.16
2026-08-21,2026-08-22T00:00:00+00:00,2026-08-24T00:00:00+00:00,78338.03000000,77734.00000000,-0.77106,2.97545,2616396664.66,121.41000000,120.57000000,-0.69187,3.68174,7580975.20,189.34000000,188.41000000,-0.49118,4.32027,1020890.92
2026-08-28,2026-08-29T00:00:00+00:00,2026-08-31T00:00:00+00:00,77845.88000000,77682.00000000,-0.21052,1.91667,1258374524.41,127.95000000,127.29000000,-0.51583,3.79836,10221274.77,178.50000000,179.06000000,0.31373,2.37535,418861.45
2026-09-04,2026-09-05T00:00:00+00:00,2026-09-07T00:00:00+00:00,79660.77000000,80341.83000000,0.85495,0.85495,1434584324.63,142.49000000,146.64000000,2.91249,2.91249,7626091.26,184.83000000,187.40000000,1.39047,1.39047,516952.47
2026-09-11,2026-09-12T00:00:00+00:00,2026-09-14T00:00:00+00:00,77225.71000000,76842.01000000,-0.49686,0.71014,1158941372.99,130.53000000,128.59000000,-1.48625,1.85398,3714089.13,175.26000000,171.94000000,-1.89433,2.03127,301374.43
2026-09-18,2026-09-19T00:00:00+00:00,2026-09-21T00:00:00+00:00,80883.86000000,81178.01000000,0.36367,1.18147,1755399798.88,153.15000000,156.43000000,2.14169,4.22462,17959044.61,194.29000000,195.29000000,0.51469,1.32276,1063518.21
2026-09-25,2026-09-26T00:00:00+00:00,2026-09-28T00:00:00+00:00,84100.00000000,84472.01000000,0.44234,1.10631,1491554397.41,159.09000000,160.81000000,1.08115,1.92344,9028717.44,195.11000000,195.81000000,0.35877,1.41971,373983.69
