id,claim,evidence_type,source_url,event_date,checked_at,observation_or_inference,strength,counterevidence,next_check
EV-001,"Submissions lock on 2026-10-11 at 12:00 UTC",primary,https://www.bnbchain.org/en/hackathons/tokenized-stocks,2026-10-11,2026-10-01,direct_official_page,high,,recheck_before_submission
EV-002,"A bStocks Ondo or xStocks token must be central and only spot on BNB Smart Chain mainnet qualifies",primary,https://www.bnbchain.org/en/hackathons/tokenized-stocks,,2026-10-01,direct_official_page,high,,recheck_before_build
EV-003,"A working project must use at least one Binance Web3 API module",primary,https://www.bnbchain.org/en/hackathons/tokenized-stocks,,2026-10-01,direct_official_page,high,,record_actual_module_use
EV-004,"A video under four minutes is recommended but optional",primary,https://www.bnbchain.org/en/hackathons/tokenized-stocks,,2026-10-01,direct_official_page,high,,produce_if_working_flow_ready
EV-005,"The Developer Experience Report contributes 25 percent of judging and must reflect actual experience",primary,https://www.bnbchain.org/en/hackathons/tokenized-stocks,,2026-10-01,direct_official_page,high,,keep_contemporaneous_field_log
EV-006,"The Binance Web3 API documentation lists only ondo and bstock as RWA platformId enum values",primary,https://web3.binance.com/en/dev-docs/catalog/web3-wallet/api/rest-api/rwa-data,,2026-10-01,direct_official_docs,medium,"The enum does not prove xStocks are absent from every API surface",confirm_live_coverage_or_organizer_answer
EV-007,"The RWA API referencePrice is derived from the on-chain token price rather than an independent traditional-market quote",primary,https://web3.binance.com/en/dev-docs/catalog/web3-wallet/api/rest-api/rwa-data,,2026-10-01,direct_official_docs,high,"Event overview describes an on-chain versus reference gap",seek_independent_reference_source_before_claiming_gap
EV-008,"Binance Agentic Wallet documents ticker lookup status quote confirmation and order tracking for tokenized stocks",primary,https://developers.binance.com/en/docs/products/agentic-wallet/use-cases/trading/stock-trading,,2026-10-01,direct_official_docs,high,"A documented flow does not prove every asset or size is available live",observe_same_task
EV-009,"PancakeSwap publishes a multi-issuer stock trading flow",primary,https://blog.pancakeswap.finance/articles/pancakeswap-your-go-to-guide-to-trade-rwas,,2026-10-01,direct_product_docs,high,"Published UI does not prove whether it shows all rights and quote fields before confirmation",observe_same_task
EV-010,"Equity and RWA trading use an RFQ execution mode in the Binance Trading API documentation",primary,https://web3.binance.com/en/dev-docs/catalog/web3-wallet/api/rest-api/trading-api,,2026-10-01,direct_official_docs,medium,"A documented quote endpoint does not prove current account coverage or a quote for the chosen token",request_one_quote_without_order
EV-011,"BNB Hack Bangkok 2024 named BNB DeFi Aggregator second place",primary,https://www.bnbchain.org/en/blog/bnb-hack-bangkok-recap-celebrating-innovation-and-congratulating-the-winners,2024-11-10,2026-10-01,direct_official_results,high,"No public repo was confirmed",verify_repo_only_if_needed
EV-012,"H1 pre-trade issuer and quote receipt is the first research candidate at 57 of 100 subjective points",inference,docs/research/idea-scorecard.md,,2026-10-01,coordinator_score_not_user_measurement,low,"No observed user task and strong incumbents",same_task_quote_and_user_observation
EV-013,"Ondo secondary-market token ownership alone does not establish direct redemption eligibility",primary,https://ondo.finance/ondo-stocks,,2026-10-01,direct_issuer_faq,high,"A secondary-market sale may still be possible where permitted",test_holder_exit_path
EV-014,"Ondo states most direct redemptions are 24/5 and can pause for corporate actions or controls",primary,https://ondo.finance/ondo-stocks,,2026-10-01,direct_issuer_faq,high,"Six named assets have 24/7 direct redemption subject to exceptions",check_exact_asset_and_current_status
EV-015,"A hackathon entrant reports Ondo after-hours sell refusal while a buy quote worked",self_report,https://github.com/yostocks-protocol/yostocks/blob/main/DX_LOG.md,,2026-10-01,entrant_dx_log_not_independently_reproduced,low,"Route amount geography and current API behavior may differ",reproduce_read_only_sell_quote
EV-016,"Public hackathon entrants already describe multi-issuer routing buying DCA portfolio and collateral tools",self_report,docs/research/2026-10-01-product-brainstorm.md,,2026-10-01,public_readmes_and_repo_structure,medium,"Submission status deployment and claimed fills differ and were not all verified",same_task_incumbent_review
EV-017,"Lista says six bStocks were initially supported as stablecoin-loan collateral",primary,https://blog.lista.org/introducing-bstocks-as-collateral,,2026-10-01,direct_protocol_announcement,medium,"Market set and parameters may have changed",read_current_market_state_before_any_product_claim
EV-018,"Venus reported about 38 SKHYB suppliers at the end of July 2026",primary,https://community.venus.io/t/venus-monthly-report-july-2026/5896,2026-07-31,2026-10-01,direct_protocol_monthly_report,medium,"Not a current or cross-bstock holder count",do_not_extrapolate_consumer_demand
