observed_at,origin,ticker,provider,contract,market_status,token_price_updated_at_ms,token_price_age_ms,token_price_updated_at,reference_price_updated_at,reference_age_seconds,reference_age_status,core_hours_context,market_state_review,independent_reference_timestamp,independent_reference_age_ms,reference_semantics,raw_price_response_sha256
2026-10-04T10:22:07.442Z,LIVE,AAPL,ondo,0x390a684ef9cade28a7ad0dfa61ab1eb3842618c4,offhours,1791109326392,0,1791109326392,,,UNKNOWN,weekend_core_closed,PLAUSIBLE_NOT_PROVEN,,,derived_from_token_price_in_current_API_docs,
2026-10-04T10:22:07.443Z,LIVE,COIN,bstock,0x585bde7c54abb5ccd7791f923d6c2187635f3952,unknown,1791109319662,5002,1791109319662,,,UNKNOWN,weekend_core_closed,UNKNOWN,,,derived_from_token_price_in_current_API_docs,
2026-10-04T10:22:07.443Z,LIVE,COIN,ondo,0xf8589b526fdd65f7f301c605a6e04f0f1b4b3620,offhours,1791109326441,0,1791109326441,,,UNKNOWN,weekend_core_closed,PLAUSIBLE_NOT_PROVEN,,,derived_from_token_price_in_current_API_docs,
2026-10-04T10:22:07.444Z,LIVE,NVDA,bstock,0x02fca66c1d1afb4e2a7884261eb00f63598a7436,unknown,1791109324630,34,1791109324630,,,UNKNOWN,weekend_core_closed,UNKNOWN,,,derived_from_token_price_in_current_API_docs,
2026-10-04T10:22:07.444Z,LIVE,MSTR,ondo,0x7313ea16493b2f55054df0131a3a14b043ec8992,offhours,1791109326452,0,1791109326452,,,UNKNOWN,weekend_core_closed,PLAUSIBLE_NOT_PROVEN,,,derived_from_token_price_in_current_API_docs,
2026-10-04T10:22:07.444Z,LIVE,MSTR,bstock,0xe87afb3076aeb0f9b14e368de8145ae6a2826a14,unknown,1791109318641,6023,1791109318641,,,UNKNOWN,weekend_core_closed,UNKNOWN,,,derived_from_token_price_in_current_API_docs,
2026-10-04T10:22:07.445Z,LIVE,TSLA,bstock,0x5b1910eaad6450e50f816082aa078c41f10c292f,unknown,1791109317634,7030,1791109317634,,,UNKNOWN,weekend_core_closed,UNKNOWN,,,derived_from_token_price_in_current_API_docs,
2026-10-04T10:22:07.445Z,LIVE,NVDA,ondo,0xa9ee28c80f960b889dfbd1902055218cba016f75,offhours,1791109326421,0,1791109326421,,,UNKNOWN,weekend_core_closed,PLAUSIBLE_NOT_PROVEN,,,derived_from_token_price_in_current_API_docs,
2026-10-04T10:22:07.446Z,LIVE,TSLA,ondo,0x2494b603319d4d9f9715c9f4496d9e0364b59d93,offhours,1791109326365,0,1791109326365,,,UNKNOWN,weekend_core_closed,PLAUSIBLE_NOT_PROVEN,,,derived_from_token_price_in_current_API_docs,
2026-10-04T10:25:15.383Z,LIVE,AAPL,ondo,0x390a684ef9cade28a7ad0dfa61ab1eb3842618c4,offhours,1791109512383,755,1791109512383,,,UNKNOWN,weekend_core_closed,PLAUSIBLE_NOT_PROVEN,,,derived_from_token_price_in_current_API_docs,189b4822926c8229e3c528ae60cfd22142d6ac9f54ce0a9ac0fbe96b988e5ac9
2026-10-04T10:25:15.384Z,LIVE,COIN,bstock,0x585bde7c54abb5ccd7791f923d6c2187635f3952,unknown,1791109514665,0,1791109514665,,,UNKNOWN,weekend_core_closed,UNKNOWN,,,derived_from_token_price_in_current_API_docs,189b4822926c8229e3c528ae60cfd22142d6ac9f54ce0a9ac0fbe96b988e5ac9
2026-10-04T10:25:15.385Z,LIVE,COIN,ondo,0xf8589b526fdd65f7f301c605a6e04f0f1b4b3620,offhours,1791109512430,708,1791109512430,,,UNKNOWN,weekend_core_closed,PLAUSIBLE_NOT_PROVEN,,,derived_from_token_price_in_current_API_docs,189b4822926c8229e3c528ae60cfd22142d6ac9f54ce0a9ac0fbe96b988e5ac9
2026-10-04T10:25:15.386Z,LIVE,MSTR,ondo,0x7313ea16493b2f55054df0131a3a14b043ec8992,offhours,1791109512441,697,1791109512441,,,UNKNOWN,weekend_core_closed,PLAUSIBLE_NOT_PROVEN,,,derived_from_token_price_in_current_API_docs,189b4822926c8229e3c528ae60cfd22142d6ac9f54ce0a9ac0fbe96b988e5ac9
2026-10-04T10:25:15.386Z,LIVE,MSTR,bstock,0xe87afb3076aeb0f9b14e368de8145ae6a2826a14,unknown,1791109512644,494,1791109512644,,,UNKNOWN,weekend_core_closed,UNKNOWN,,,derived_from_token_price_in_current_API_docs,189b4822926c8229e3c528ae60cfd22142d6ac9f54ce0a9ac0fbe96b988e5ac9
2026-10-04T10:25:15.387Z,LIVE,NVDA,bstock,0x02fca66c1d1afb4e2a7884261eb00f63598a7436,unknown,1791109503632,9506,1791109503632,,,UNKNOWN,weekend_core_closed,UNKNOWN,,,derived_from_token_price_in_current_API_docs,189b4822926c8229e3c528ae60cfd22142d6ac9f54ce0a9ac0fbe96b988e5ac9
2026-10-04T10:25:15.388Z,LIVE,NVDA,ondo,0xa9ee28c80f960b889dfbd1902055218cba016f75,offhours,1791109512410,728,1791109512410,,,UNKNOWN,weekend_core_closed,PLAUSIBLE_NOT_PROVEN,,,derived_from_token_price_in_current_API_docs,189b4822926c8229e3c528ae60cfd22142d6ac9f54ce0a9ac0fbe96b988e5ac9
2026-10-04T10:25:15.389Z,LIVE,TSLA,ondo,0x2494b603319d4d9f9715c9f4496d9e0364b59d93,offhours,1791109512356,782,1791109512356,,,UNKNOWN,weekend_core_closed,PLAUSIBLE_NOT_PROVEN,,,derived_from_token_price_in_current_API_docs,189b4822926c8229e3c528ae60cfd22142d6ac9f54ce0a9ac0fbe96b988e5ac9
2026-10-04T10:25:15.389Z,LIVE,TSLA,bstock,0x5b1910eaad6450e50f816082aa078c41f10c292f,unknown,1791109514633,0,1791109514633,,,UNKNOWN,weekend_core_closed,UNKNOWN,,,derived_from_token_price_in_current_API_docs,189b4822926c8229e3c528ae60cfd22142d6ac9f54ce0a9ac0fbe96b988e5ac9
2026-10-04T10:30:02.356Z,LIVE,AAPL,ondo,0x390a684ef9cade28a7ad0dfa61ab1eb3842618c4,offhours,1791109800705,0,1791109800705,,,UNKNOWN,weekend_core_closed,PLAUSIBLE_NOT_PROVEN,,,derived_from_token_price_in_current_API_docs,e45f661b4469c397cb8b99fcbc11d20e2b7b456cd05ab30d69c82e49ecbae85c
2026-10-04T10:30:02.357Z,LIVE,COIN,bstock,0x585bde7c54abb5ccd7791f923d6c2187635f3952,unknown,1791109801665,0,1791109801665,,,UNKNOWN,weekend_core_closed,UNKNOWN,,,derived_from_token_price_in_current_API_docs,e45f661b4469c397cb8b99fcbc11d20e2b7b456cd05ab30d69c82e49ecbae85c
2026-10-04T10:30:02.357Z,LIVE,COIN,ondo,0xf8589b526fdd65f7f301c605a6e04f0f1b4b3620,offhours,1791109800753,0,1791109800753,,,UNKNOWN,weekend_core_closed,PLAUSIBLE_NOT_PROVEN,,,derived_from_token_price_in_current_API_docs,e45f661b4469c397cb8b99fcbc11d20e2b7b456cd05ab30d69c82e49ecbae85c
2026-10-04T10:30:02.358Z,LIVE,MSTR,bstock,0xe87afb3076aeb0f9b14e368de8145ae6a2826a14,unknown,1791109801641,0,1791109801641,,,UNKNOWN,weekend_core_closed,UNKNOWN,,,derived_from_token_price_in_current_API_docs,e45f661b4469c397cb8b99fcbc11d20e2b7b456cd05ab30d69c82e49ecbae85c
2026-10-04T10:30:02.359Z,LIVE,NVDA,bstock,0x02fca66c1d1afb4e2a7884261eb00f63598a7436,unknown,1791109801632,0,1791109801632,,,UNKNOWN,weekend_core_closed,UNKNOWN,,,derived_from_token_price_in_current_API_docs,e45f661b4469c397cb8b99fcbc11d20e2b7b456cd05ab30d69c82e49ecbae85c
2026-10-04T10:30:02.359Z,LIVE,MSTR,ondo,0x7313ea16493b2f55054df0131a3a14b043ec8992,offhours,1791109800765,0,1791109800765,,,UNKNOWN,weekend_core_closed,PLAUSIBLE_NOT_PROVEN,,,derived_from_token_price_in_current_API_docs,e45f661b4469c397cb8b99fcbc11d20e2b7b456cd05ab30d69c82e49ecbae85c
2026-10-04T10:30:02.360Z,LIVE,TSLA,bstock,0x5b1910eaad6450e50f816082aa078c41f10c292f,unknown,1791109800646,0,1791109800646,,,UNKNOWN,weekend_core_closed,UNKNOWN,,,derived_from_token_price_in_current_API_docs,e45f661b4469c397cb8b99fcbc11d20e2b7b456cd05ab30d69c82e49ecbae85c
2026-10-04T10:30:02.360Z,LIVE,NVDA,ondo,0xa9ee28c80f960b889dfbd1902055218cba016f75,offhours,1791109800734,0,1791109800734,,,UNKNOWN,weekend_core_closed,PLAUSIBLE_NOT_PROVEN,,,derived_from_token_price_in_current_API_docs,e45f661b4469c397cb8b99fcbc11d20e2b7b456cd05ab30d69c82e49ecbae85c
2026-10-04T10:30:02.361Z,LIVE,TSLA,ondo,0x2494b603319d4d9f9715c9f4496d9e0364b59d93,offhours,1791109800678,0,1791109800678,,,UNKNOWN,weekend_core_closed,PLAUSIBLE_NOT_PROVEN,,,derived_from_token_price_in_current_API_docs,e45f661b4469c397cb8b99fcbc11d20e2b7b456cd05ab30d69c82e49ecbae85c
2026-10-04T10:35:02.699Z,LIVE,AAPL,ondo,0x390a684ef9cade28a7ad0dfa61ab1eb3842618c4,offhours,1791110100682,0,1791110100682,,,UNKNOWN,weekend_core_closed,PLAUSIBLE_NOT_PROVEN,,,derived_from_token_price_in_current_API_docs,7d43b7b68ca76a0896a72e6829953571b70e1dfd2c167be042cee8002a4f0530
2026-10-04T10:35:02.700Z,LIVE,COIN,bstock,0x585bde7c54abb5ccd7791f923d6c2187635f3952,unknown,1791110100666,0,1791110100666,,,UNKNOWN,weekend_core_closed,UNKNOWN,,,derived_from_token_price_in_current_API_docs,7d43b7b68ca76a0896a72e6829953571b70e1dfd2c167be042cee8002a4f0530
2026-10-04T10:35:02.701Z,LIVE,MSTR,bstock,0xe87afb3076aeb0f9b14e368de8145ae6a2826a14,unknown,1791110101641,0,1791110101641,,,UNKNOWN,weekend_core_closed,UNKNOWN,,,derived_from_token_price_in_current_API_docs,7d43b7b68ca76a0896a72e6829953571b70e1dfd2c167be042cee8002a4f0530
2026-10-04T10:35:02.701Z,LIVE,COIN,ondo,0xf8589b526fdd65f7f301c605a6e04f0f1b4b3620,offhours,1791110100731,0,1791110100731,,,UNKNOWN,weekend_core_closed,PLAUSIBLE_NOT_PROVEN,,,derived_from_token_price_in_current_API_docs,7d43b7b68ca76a0896a72e6829953571b70e1dfd2c167be042cee8002a4f0530
2026-10-04T10:35:02.702Z,LIVE,NVDA,bstock,0x02fca66c1d1afb4e2a7884261eb00f63598a7436,unknown,1791110100633,0,1791110100633,,,UNKNOWN,weekend_core_closed,UNKNOWN,,,derived_from_token_price_in_current_API_docs,7d43b7b68ca76a0896a72e6829953571b70e1dfd2c167be042cee8002a4f0530
2026-10-04T10:35:02.702Z,LIVE,MSTR,ondo,0x7313ea16493b2f55054df0131a3a14b043ec8992,offhours,1791110100742,0,1791110100742,,,UNKNOWN,weekend_core_closed,PLAUSIBLE_NOT_PROVEN,,,derived_from_token_price_in_current_API_docs,7d43b7b68ca76a0896a72e6829953571b70e1dfd2c167be042cee8002a4f0530
2026-10-04T10:35:02.703Z,LIVE,TSLA,bstock,0x5b1910eaad6450e50f816082aa078c41f10c292f,unknown,1791110099634,461,1791110099634,,,UNKNOWN,weekend_core_closed,UNKNOWN,,,derived_from_token_price_in_current_API_docs,7d43b7b68ca76a0896a72e6829953571b70e1dfd2c167be042cee8002a4f0530
2026-10-04T10:35:02.703Z,LIVE,NVDA,ondo,0xa9ee28c80f960b889dfbd1902055218cba016f75,offhours,1791110100711,0,1791110100711,,,UNKNOWN,weekend_core_closed,PLAUSIBLE_NOT_PROVEN,,,derived_from_token_price_in_current_API_docs,7d43b7b68ca76a0896a72e6829953571b70e1dfd2c167be042cee8002a4f0530
2026-10-04T10:35:02.704Z,LIVE,TSLA,ondo,0x2494b603319d4d9f9715c9f4496d9e0364b59d93,offhours,1791110100656,0,1791110100656,,,UNKNOWN,weekend_core_closed,PLAUSIBLE_NOT_PROVEN,,,derived_from_token_price_in_current_API_docs,7d43b7b68ca76a0896a72e6829953571b70e1dfd2c167be042cee8002a4f0530
2026-10-04T10:40:03.841Z,LIVE,AAPL,ondo,0x390a684ef9cade28a7ad0dfa61ab1eb3842618c4,offhours,1791110400613,0,1791110400613,,,UNKNOWN,weekend_core_closed,PLAUSIBLE_NOT_PROVEN,,,derived_from_token_price_in_current_API_docs,024371b4bd27a5f5647b07549b6c9e06ce1db36ad19e35eb8d32332b159bc232
2026-10-04T10:40:03.843Z,LIVE,COIN,bstock,0x585bde7c54abb5ccd7791f923d6c2187635f3952,unknown,1791110400665,0,1791110400665,,,UNKNOWN,weekend_core_closed,UNKNOWN,,,derived_from_token_price_in_current_API_docs,024371b4bd27a5f5647b07549b6c9e06ce1db36ad19e35eb8d32332b159bc232
2026-10-04T10:40:03.844Z,LIVE,COIN,ondo,0xf8589b526fdd65f7f301c605a6e04f0f1b4b3620,offhours,1791110400664,0,1791110400664,,,UNKNOWN,weekend_core_closed,PLAUSIBLE_NOT_PROVEN,,,derived_from_token_price_in_current_API_docs,024371b4bd27a5f5647b07549b6c9e06ce1db36ad19e35eb8d32332b159bc232
2026-10-04T10:40:03.845Z,LIVE,MSTR,bstock,0xe87afb3076aeb0f9b14e368de8145ae6a2826a14,unknown,1791110403647,0,1791110403647,,,UNKNOWN,weekend_core_closed,UNKNOWN,,,derived_from_token_price_in_current_API_docs,024371b4bd27a5f5647b07549b6c9e06ce1db36ad19e35eb8d32332b159bc232
2026-10-04T10:40:03.846Z,LIVE,NVDA,bstock,0x02fca66c1d1afb4e2a7884261eb00f63598a7436,unknown,1791110391630,8515,1791110391630,,,UNKNOWN,weekend_core_closed,UNKNOWN,,,derived_from_token_price_in_current_API_docs,024371b4bd27a5f5647b07549b6c9e06ce1db36ad19e35eb8d32332b159bc232
2026-10-04T10:40:03.846Z,LIVE,MSTR,ondo,0x7313ea16493b2f55054df0131a3a14b043ec8992,offhours,1791110400674,0,1791110400674,,,UNKNOWN,weekend_core_closed,PLAUSIBLE_NOT_PROVEN,,,derived_from_token_price_in_current_API_docs,024371b4bd27a5f5647b07549b6c9e06ce1db36ad19e35eb8d32332b159bc232
2026-10-04T10:40:03.847Z,LIVE,TSLA,bstock,0x5b1910eaad6450e50f816082aa078c41f10c292f,unknown,1791110398631,1514,1791110398631,,,UNKNOWN,weekend_core_closed,UNKNOWN,,,derived_from_token_price_in_current_API_docs,024371b4bd27a5f5647b07549b6c9e06ce1db36ad19e35eb8d32332b159bc232
2026-10-04T10:40:03.847Z,LIVE,NVDA,ondo,0xa9ee28c80f960b889dfbd1902055218cba016f75,offhours,1791110400644,0,1791110400644,,,UNKNOWN,weekend_core_closed,PLAUSIBLE_NOT_PROVEN,,,derived_from_token_price_in_current_API_docs,024371b4bd27a5f5647b07549b6c9e06ce1db36ad19e35eb8d32332b159bc232
2026-10-04T10:40:03.848Z,LIVE,TSLA,ondo,0x2494b603319d4d9f9715c9f4496d9e0364b59d93,offhours,1791110400585,0,1791110400585,,,UNKNOWN,weekend_core_closed,PLAUSIBLE_NOT_PROVEN,,,derived_from_token_price_in_current_API_docs,024371b4bd27a5f5647b07549b6c9e06ce1db36ad19e35eb8d32332b159bc232
2026-10-04T10:43:40.693Z,LIVE,AAOI,bstock,0x10343ef7da3301493d7ecb647d68a288c6c1db2f,unknown,1791110611672,5712,1791110611672,,,UNKNOWN,weekend_core_closed,UNKNOWN,,,derived_from_token_price_in_current_API_docs,03a10ed20b57a197a61fee28aa440d1c7262cd9afceb50cc8c6bea25bf2d9829
2026-10-04T10:43:40.694Z,LIVE,AMD,bstock,0x75fd4cf6f8392e41e70391d60c90c0d5211603a1,unknown,1791110590639,26745,1791110590639,,,UNKNOWN,weekend_core_closed,UNKNOWN,,,derived_from_token_price_in_current_API_docs,03a10ed20b57a197a61fee28aa440d1c7262cd9afceb50cc8c6bea25bf2d9829
2026-10-04T10:43:40.695Z,LIVE,ARM,bstock,0xd42a79ebb7f527f40faecd196ffb47ad5e8d6f8c,unknown,1791110619675,0,1791110619675,,,UNKNOWN,weekend_core_closed,UNKNOWN,,,derived_from_token_price_in_current_API_docs,03a10ed20b57a197a61fee28aa440d1c7262cd9afceb50cc8c6bea25bf2d9829
2026-10-04T10:43:40.696Z,LIVE,AVGO,bstock,0x76682c454467b3a1150ad8b6a92fc5ee2c21d7ed,unknown,1791110613675,3709,1791110613675,,,UNKNOWN,weekend_core_closed,UNKNOWN,,,derived_from_token_price_in_current_API_docs,03a10ed20b57a197a61fee28aa440d1c7262cd9afceb50cc8c6bea25bf2d9829
2026-10-04T10:43:40.697Z,LIVE,BABA,bstock,0x4ef9d3062c7f6eba4aae4990c5036598c6eff4ec,unknown,1791110613679,3705,1791110613679,,,UNKNOWN,weekend_core_closed,UNKNOWN,,,derived_from_token_price_in_current_API_docs,03a10ed20b57a197a61fee28aa440d1c7262cd9afceb50cc8c6bea25bf2d9829
2026-10-04T10:43:40.697Z,LIVE,AXTI,bstock,0x9bdc8b470dbf89dbcb123587c6f5e49cca3463be,unknown,1791110599685,17699,1791110599685,,,UNKNOWN,weekend_core_closed,UNKNOWN,,,derived_from_token_price_in_current_API_docs,03a10ed20b57a197a61fee28aa440d1c7262cd9afceb50cc8c6bea25bf2d9829
2026-10-04T10:43:40.698Z,LIVE,CBRS,bstock,0xe81c6bb0266cd68b4f17278531dd03ea1f12da4e,unknown,1791110619662,0,1791110619662,,,UNKNOWN,weekend_core_closed,UNKNOWN,,,derived_from_token_price_in_current_API_docs,03a10ed20b57a197a61fee28aa440d1c7262cd9afceb50cc8c6bea25bf2d9829
2026-10-04T10:43:40.699Z,LIVE,CRCL,bstock,0x80f3d493ebce97e343c53d29a137942416b4ffc0,unknown,1791110617629,0,1791110617629,,,UNKNOWN,weekend_core_closed,UNKNOWN,,,derived_from_token_price_in_current_API_docs,03a10ed20b57a197a61fee28aa440d1c7262cd9afceb50cc8c6bea25bf2d9829
2026-10-04T10:43:40.700Z,LIVE,CRWV,bstock,0x33e7317e17838fee56b10fe8d0b9ca6ca3090c95,unknown,1791110558686,58698,1791110558686,,,UNKNOWN,weekend_core_closed,UNKNOWN,,,derived_from_token_price_in_current_API_docs,03a10ed20b57a197a61fee28aa440d1c7262cd9afceb50cc8c6bea25bf2d9829
2026-10-04T10:43:40.701Z,LIVE,GLW,bstock,0x740e075cbbea22a082b9d6679e65e82767875b6a,unknown,1791110619667,0,1791110619667,,,UNKNOWN,weekend_core_closed,UNKNOWN,,,derived_from_token_price_in_current_API_docs,03a10ed20b57a197a61fee28aa440d1c7262cd9afceb50cc8c6bea25bf2d9829
2026-10-04T10:43:40.702Z,LIVE,GOOGL,bstock,0x3f53de71c126bdabae20f9cd64848d317f6c3238,unknown,1791110586669,30715,1791110586669,,,UNKNOWN,weekend_core_closed,UNKNOWN,,,derived_from_token_price_in_current_API_docs,03a10ed20b57a197a61fee28aa440d1c7262cd9afceb50cc8c6bea25bf2d9829
2026-10-04T10:43:40.703Z,LIVE,HOOD,bstock,0xa394dcea3fd3847fd793afbfd163e2e3858b7c65,unknown,1791110612678,4706,1791110612678,,,UNKNOWN,weekend_core_closed,UNKNOWN,,,derived_from_token_price_in_current_API_docs,03a10ed20b57a197a61fee28aa440d1c7262cd9afceb50cc8c6bea25bf2d9829
2026-10-04T10:43:40.704Z,LIVE,IBM,bstock,0xfa273b076feb8c0fb34e554ae341082323d016a3,unknown,1791110619680,0,1791110619680,,,UNKNOWN,weekend_core_closed,UNKNOWN,,,derived_from_token_price_in_current_API_docs,03a10ed20b57a197a61fee28aa440d1c7262cd9afceb50cc8c6bea25bf2d9829
2026-10-04T10:43:40.705Z,LIVE,LITE,bstock,0x64748bea17b6d19e242adf20425de2440c656142,unknown,1791110611649,5735,1791110611649,,,UNKNOWN,weekend_core_closed,UNKNOWN,,,derived_from_token_price_in_current_API_docs,03a10ed20b57a197a61fee28aa440d1c7262cd9afceb50cc8c6bea25bf2d9829
2026-10-04T10:43:40.705Z,LIVE,INTC,bstock,0xe614e2fc6c787035ff51f452e8e826bfd32d5283,unknown,1791110615640,1744,1791110615640,,,UNKNOWN,weekend_core_closed,UNKNOWN,,,derived_from_token_price_in_current_API_docs,03a10ed20b57a197a61fee28aa440d1c7262cd9afceb50cc8c6bea25bf2d9829
2026-10-04T10:43:40.706Z,LIVE,MRVL,bstock,0x16cd4fe7e8880ecc3ba222795229e20489fc2c76,unknown,1791110599678,17706,1791110599678,,,UNKNOWN,weekend_core_closed,UNKNOWN,,,derived_from_token_price_in_current_API_docs,03a10ed20b57a197a61fee28aa440d1c7262cd9afceb50cc8c6bea25bf2d9829
2026-10-04T10:43:40.706Z,LIVE,META,bstock,0x7425889fe94f9d693e8daefe88bcced6acfef4c0,unknown,1791110619650,0,1791110619650,,,UNKNOWN,weekend_core_closed,UNKNOWN,,,derived_from_token_price_in_current_API_docs,03a10ed20b57a197a61fee28aa440d1c7262cd9afceb50cc8c6bea25bf2d9829
2026-10-04T10:43:40.707Z,LIVE,MSFT,bstock,0x80106cb3ead06659a5ad19df39d9b4733863b9b0,unknown,1791110615654,1730,1791110615654,,,UNKNOWN,weekend_core_closed,UNKNOWN,,,derived_from_token_price_in_current_API_docs,03a10ed20b57a197a61fee28aa440d1c7262cd9afceb50cc8c6bea25bf2d9829
2026-10-04T10:43:40.708Z,LIVE,MU,bstock,0xcdf2f3e0fa43c47a6662a91c9e4a7c5f69762699,unknown,1791110610628,6756,1791110610628,,,UNKNOWN,weekend_core_closed,UNKNOWN,,,derived_from_token_price_in_current_API_docs,03a10ed20b57a197a61fee28aa440d1c7262cd9afceb50cc8c6bea25bf2d9829
2026-10-04T10:43:40.708Z,LIVE,NBIS,bstock,0xe256bc2a4f5297f8ba6f043f180a46300ecbcbb1,unknown,1791110580666,36718,1791110580666,,,UNKNOWN,weekend_core_closed,UNKNOWN,,,derived_from_token_price_in_current_API_docs,03a10ed20b57a197a61fee28aa440d1c7262cd9afceb50cc8c6bea25bf2d9829
2026-10-04T10:43:40.709Z,LIVE,NOK,bstock,0x7c4d7a180d737dd5a70d8065a90e6746a69c37ea,unknown,1791110578682,38702,1791110578682,,,UNKNOWN,weekend_core_closed,UNKNOWN,,,derived_from_token_price_in_current_API_docs,03a10ed20b57a197a61fee28aa440d1c7262cd9afceb50cc8c6bea25bf2d9829
2026-10-04T10:43:40.710Z,LIVE,PLTR,bstock,0x0ca5d51d0277bd006fd9607d3e560785ebad8222,unknown,1791110617652,0,1791110617652,,,UNKNOWN,weekend_core_closed,UNKNOWN,,,derived_from_token_price_in_current_API_docs,03a10ed20b57a197a61fee28aa440d1c7262cd9afceb50cc8c6bea25bf2d9829
2026-10-04T10:43:40.710Z,LIVE,ORCL,bstock,0x4684d9887fc1c71cba7bab8e88835cec217eb598,unknown,1791110610692,6692,1791110610692,,,UNKNOWN,weekend_core_closed,UNKNOWN,,,derived_from_token_price_in_current_API_docs,03a10ed20b57a197a61fee28aa440d1c7262cd9afceb50cc8c6bea25bf2d9829
2026-10-04T10:43:40.711Z,LIVE,QCOM,bstock,0x5f7a56e877b9130608bf8be962621011182fefe1,unknown,1791110617668,0,1791110617668,,,UNKNOWN,weekend_core_closed,UNKNOWN,,,derived_from_token_price_in_current_API_docs,03a10ed20b57a197a61fee28aa440d1c7262cd9afceb50cc8c6bea25bf2d9829
2026-10-04T10:43:40.712Z,LIVE,RKLB,bstock,0xc8da12cbcce7c45180692a6420b0076e03a5179a,unknown,1791110618681,0,1791110618681,,,UNKNOWN,weekend_core_closed,UNKNOWN,,,derived_from_token_price_in_current_API_docs,03a10ed20b57a197a61fee28aa440d1c7262cd9afceb50cc8c6bea25bf2d9829
2026-10-04T10:43:40.712Z,LIVE,QNT,bstock,0xd721c192d612db77621df57a9fab38418033c02e,unknown,1791110617692,0,1791110617692,,,UNKNOWN,weekend_core_closed,UNKNOWN,,,derived_from_token_price_in_current_API_docs,03a10ed20b57a197a61fee28aa440d1c7262cd9afceb50cc8c6bea25bf2d9829
2026-10-04T10:43:40.713Z,LIVE,SKHY,bstock,0xca750ef65f295bbecd685abf54e82caf297bdb61,unknown,1791110614672,2712,1791110614672,,,UNKNOWN,weekend_core_closed,UNKNOWN,,,derived_from_token_price_in_current_API_docs,03a10ed20b57a197a61fee28aa440d1c7262cd9afceb50cc8c6bea25bf2d9829
2026-10-04T10:43:40.714Z,LIVE,SNDK,bstock,0x3ee4df61bd4f867e349beae8bfe07bc31b4850fb,unknown,1791110528630,88754,1791110528630,,,UNKNOWN,weekend_core_closed,UNKNOWN,,,derived_from_token_price_in_current_API_docs,03a10ed20b57a197a61fee28aa440d1c7262cd9afceb50cc8c6bea25bf2d9829
2026-10-04T10:43:40.715Z,LIVE,SPCX,bstock,0xbe9d156892e55e7154bcd3cb0fea677f9d3103e1,unknown,1791110618632,0,1791110618632,,,UNKNOWN,weekend_core_closed,UNKNOWN,,,derived_from_token_price_in_current_API_docs,03a10ed20b57a197a61fee28aa440d1c7262cd9afceb50cc8c6bea25bf2d9829
2026-10-04T10:43:40.716Z,LIVE,TSM,bstock,0xab78b89b5bb00236be0b4b20704cbfa04efc711c,unknown,1791110360682,256702,1791110360682,,,UNKNOWN,weekend_core_closed,UNKNOWN,,,derived_from_token_price_in_current_API_docs,03a10ed20b57a197a61fee28aa440d1c7262cd9afceb50cc8c6bea25bf2d9829
2026-10-04T10:43:40.716Z,LIVE,WDC,bstock,0xebe29695f8047c13d36e7a790ca8c1b239ffad1c,unknown,1791110606673,10711,1791110606673,,,UNKNOWN,weekend_core_closed,UNKNOWN,,,derived_from_token_price_in_current_API_docs,03a10ed20b57a197a61fee28aa440d1c7262cd9afceb50cc8c6bea25bf2d9829
2026-10-04T10:45:02.432Z,LIVE,AAOI,bstock,0x10343ef7da3301493d7ecb647d68a288c6c1db2f,unknown,1791110700674,0,1791110700674,,,UNKNOWN,weekend_core_closed,UNKNOWN,,,derived_from_token_price_in_current_API_docs,1911738ccf8723972ff5c70967cb5f099113445e4641b4bb8a9db17edb81ae66
2026-10-04T10:45:02.433Z,LIVE,AAPL,ondo,0x390a684ef9cade28a7ad0dfa61ab1eb3842618c4,offhours,1791110700627,0,1791110700627,,,UNKNOWN,weekend_core_closed,PLAUSIBLE_NOT_PROVEN,,,derived_from_token_price_in_current_API_docs,1911738ccf8723972ff5c70967cb5f099113445e4641b4bb8a9db17edb81ae66
2026-10-04T10:45:02.434Z,LIVE,AMD,bstock,0x75fd4cf6f8392e41e70391d60c90c0d5211603a1,unknown,1791110680638,19370,1791110680638,,,UNKNOWN,weekend_core_closed,UNKNOWN,,,derived_from_token_price_in_current_API_docs,1911738ccf8723972ff5c70967cb5f099113445e4641b4bb8a9db17edb81ae66
2026-10-04T10:45:02.435Z,LIVE,AVGO,bstock,0x76682c454467b3a1150ad8b6a92fc5ee2c21d7ed,unknown,1791110687674,12334,1791110687674,,,UNKNOWN,weekend_core_closed,UNKNOWN,,,derived_from_token_price_in_current_API_docs,1911738ccf8723972ff5c70967cb5f099113445e4641b4bb8a9db17edb81ae66
2026-10-04T10:45:02.435Z,LIVE,ARM,bstock,0xd42a79ebb7f527f40faecd196ffb47ad5e8d6f8c,unknown,1791110670673,29335,1791110670673,,,UNKNOWN,weekend_core_closed,UNKNOWN,,,derived_from_token_price_in_current_API_docs,1911738ccf8723972ff5c70967cb5f099113445e4641b4bb8a9db17edb81ae66
2026-10-04T10:45:02.436Z,LIVE,BABA,bstock,0x4ef9d3062c7f6eba4aae4990c5036598c6eff4ec,unknown,1791110700675,0,1791110700675,,,UNKNOWN,weekend_core_closed,UNKNOWN,,,derived_from_token_price_in_current_API_docs,1911738ccf8723972ff5c70967cb5f099113445e4641b4bb8a9db17edb81ae66
2026-10-04T10:45:02.436Z,LIVE,AXTI,bstock,0x9bdc8b470dbf89dbcb123587c6f5e49cca3463be,unknown,1791110599685,100323,1791110599685,,,UNKNOWN,weekend_core_closed,UNKNOWN,,,derived_from_token_price_in_current_API_docs,1911738ccf8723972ff5c70967cb5f099113445e4641b4bb8a9db17edb81ae66
2026-10-04T10:45:02.437Z,LIVE,CBRS,bstock,0xe81c6bb0266cd68b4f17278531dd03ea1f12da4e,unknown,1791110701661,0,1791110701661,,,UNKNOWN,weekend_core_closed,UNKNOWN,,,derived_from_token_price_in_current_API_docs,1911738ccf8723972ff5c70967cb5f099113445e4641b4bb8a9db17edb81ae66
2026-10-04T10:45:02.438Z,LIVE,COIN,bstock,0x585bde7c54abb5ccd7791f923d6c2187635f3952,unknown,1791110696662,3346,1791110696662,,,UNKNOWN,weekend_core_closed,UNKNOWN,,,derived_from_token_price_in_current_API_docs,1911738ccf8723972ff5c70967cb5f099113445e4641b4bb8a9db17edb81ae66
2026-10-04T10:45:02.438Z,LIVE,COIN,ondo,0xf8589b526fdd65f7f301c605a6e04f0f1b4b3620,offhours,1791110700690,0,1791110700690,,,UNKNOWN,weekend_core_closed,PLAUSIBLE_NOT_PROVEN,,,derived_from_token_price_in_current_API_docs,1911738ccf8723972ff5c70967cb5f099113445e4641b4bb8a9db17edb81ae66
2026-10-04T10:45:02.439Z,LIVE,CRCL,bstock,0x80f3d493ebce97e343c53d29a137942416b4ffc0,unknown,1791110698628,1380,1791110698628,,,UNKNOWN,weekend_core_closed,UNKNOWN,,,derived_from_token_price_in_current_API_docs,1911738ccf8723972ff5c70967cb5f099113445e4641b4bb8a9db17edb81ae66
2026-10-04T10:45:02.440Z,LIVE,CRWV,bstock,0x33e7317e17838fee56b10fe8d0b9ca6ca3090c95,unknown,1791110649686,50322,1791110649686,,,UNKNOWN,weekend_core_closed,UNKNOWN,,,derived_from_token_price_in_current_API_docs,1911738ccf8723972ff5c70967cb5f099113445e4641b4bb8a9db17edb81ae66
2026-10-04T10:45:02.441Z,LIVE,GLW,bstock,0x740e075cbbea22a082b9d6679e65e82767875b6a,unknown,1791110701665,0,1791110701665,,,UNKNOWN,weekend_core_closed,UNKNOWN,,,derived_from_token_price_in_current_API_docs,1911738ccf8723972ff5c70967cb5f099113445e4641b4bb8a9db17edb81ae66
2026-10-04T10:45:02.442Z,LIVE,GOOGL,bstock,0x3f53de71c126bdabae20f9cd64848d317f6c3238,unknown,1791110586669,113339,1791110586669,,,UNKNOWN,weekend_core_closed,UNKNOWN,,,derived_from_token_price_in_current_API_docs,1911738ccf8723972ff5c70967cb5f099113445e4641b4bb8a9db17edb81ae66
2026-10-04T10:45:02.443Z,LIVE,HOOD,bstock,0xa394dcea3fd3847fd793afbfd163e2e3858b7c65,unknown,1791110699676,332,1791110699676,,,UNKNOWN,weekend_core_closed,UNKNOWN,,,derived_from_token_price_in_current_API_docs,1911738ccf8723972ff5c70967cb5f099113445e4641b4bb8a9db17edb81ae66
2026-10-04T10:45:02.443Z,LIVE,IBM,bstock,0xfa273b076feb8c0fb34e554ae341082323d016a3,unknown,1791110700679,0,1791110700679,,,UNKNOWN,weekend_core_closed,UNKNOWN,,,derived_from_token_price_in_current_API_docs,1911738ccf8723972ff5c70967cb5f099113445e4641b4bb8a9db17edb81ae66
2026-10-04T10:45:02.444Z,LIVE,INTC,bstock,0xe614e2fc6c787035ff51f452e8e826bfd32d5283,unknown,1791110698640,1368,1791110698640,,,UNKNOWN,weekend_core_closed,UNKNOWN,,,derived_from_token_price_in_current_API_docs,1911738ccf8723972ff5c70967cb5f099113445e4641b4bb8a9db17edb81ae66
2026-10-04T10:45:02.445Z,LIVE,LITE,bstock,0x64748bea17b6d19e242adf20425de2440c656142,unknown,1791110701650,0,1791110701650,,,UNKNOWN,weekend_core_closed,UNKNOWN,,,derived_from_token_price_in_current_API_docs,1911738ccf8723972ff5c70967cb5f099113445e4641b4bb8a9db17edb81ae66
2026-10-04T10:45:02.446Z,LIVE,MRVL,bstock,0x16cd4fe7e8880ecc3ba222795229e20489fc2c76,unknown,1791110700680,0,1791110700680,,,UNKNOWN,weekend_core_closed,UNKNOWN,,,derived_from_token_price_in_current_API_docs,1911738ccf8723972ff5c70967cb5f099113445e4641b4bb8a9db17edb81ae66
2026-10-04T10:45:02.446Z,LIVE,META,bstock,0x7425889fe94f9d693e8daefe88bcced6acfef4c0,unknown,1791110697651,2357,1791110697651,,,UNKNOWN,weekend_core_closed,UNKNOWN,,,derived_from_token_price_in_current_API_docs,1911738ccf8723972ff5c70967cb5f099113445e4641b4bb8a9db17edb81ae66
2026-10-04T10:45:02.447Z,LIVE,MSFT,bstock,0x80106cb3ead06659a5ad19df39d9b4733863b9b0,unknown,1791110700654,0,1791110700654,,,UNKNOWN,weekend_core_closed,UNKNOWN,,,derived_from_token_price_in_current_API_docs,1911738ccf8723972ff5c70967cb5f099113445e4641b4bb8a9db17edb81ae66
2026-10-04T10:45:02.448Z,LIVE,MSTR,bstock,0xe87afb3076aeb0f9b14e368de8145ae6a2826a14,unknown,1791110688641,11367,1791110688641,,,UNKNOWN,weekend_core_closed,UNKNOWN,,,derived_from_token_price_in_current_API_docs,1911738ccf8723972ff5c70967cb5f099113445e4641b4bb8a9db17edb81ae66
2026-10-04T10:45:02.449Z,LIVE,MSTR,ondo,0x7313ea16493b2f55054df0131a3a14b043ec8992,offhours,1791110700700,0,1791110700700,,,UNKNOWN,weekend_core_closed,PLAUSIBLE_NOT_PROVEN,,,derived_from_token_price_in_current_API_docs,1911738ccf8723972ff5c70967cb5f099113445e4641b4bb8a9db17edb81ae66
2026-10-04T10:45:02.450Z,LIVE,MU,bstock,0xcdf2f3e0fa43c47a6662a91c9e4a7c5f69762699,unknown,1791110701627,0,1791110701627,,,UNKNOWN,weekend_core_closed,UNKNOWN,,,derived_from_token_price_in_current_API_docs,1911738ccf8723972ff5c70967cb5f099113445e4641b4bb8a9db17edb81ae66
2026-10-04T10:45:02.451Z,LIVE,NOK,bstock,0x7c4d7a180d737dd5a70d8065a90e6746a69c37ea,unknown,1791110689679,10329,1791110689679,,,UNKNOWN,weekend_core_closed,UNKNOWN,,,derived_from_token_price_in_current_API_docs,1911738ccf8723972ff5c70967cb5f099113445e4641b4bb8a9db17edb81ae66
2026-10-04T10:45:02.451Z,LIVE,NBIS,bstock,0xe256bc2a4f5297f8ba6f043f180a46300ecbcbb1,unknown,1791110580666,119342,1791110580666,,,UNKNOWN,weekend_core_closed,UNKNOWN,,,derived_from_token_price_in_current_API_docs,1911738ccf8723972ff5c70967cb5f099113445e4641b4bb8a9db17edb81ae66
2026-10-04T10:45:02.452Z,LIVE,NVDA,bstock,0x02fca66c1d1afb4e2a7884261eb00f63598a7436,unknown,1791110669633,30375,1791110669633,,,UNKNOWN,weekend_core_closed,UNKNOWN,,,derived_from_token_price_in_current_API_docs,1911738ccf8723972ff5c70967cb5f099113445e4641b4bb8a9db17edb81ae66
2026-10-04T10:45:02.452Z,LIVE,NVDA,ondo,0xa9ee28c80f960b889dfbd1902055218cba016f75,offhours,1791110700670,0,1791110700670,,,UNKNOWN,weekend_core_closed,PLAUSIBLE_NOT_PROVEN,,,derived_from_token_price_in_current_API_docs,1911738ccf8723972ff5c70967cb5f099113445e4641b4bb8a9db17edb81ae66
2026-10-04T10:45:02.453Z,LIVE,ORCL,bstock,0x4684d9887fc1c71cba7bab8e88835cec217eb598,unknown,1791110700691,0,1791110700691,,,UNKNOWN,weekend_core_closed,UNKNOWN,,,derived_from_token_price_in_current_API_docs,1911738ccf8723972ff5c70967cb5f099113445e4641b4bb8a9db17edb81ae66
2026-10-04T10:45:02.454Z,LIVE,PLTR,bstock,0x0ca5d51d0277bd006fd9607d3e560785ebad8222,unknown,1791110617652,82356,1791110617652,,,UNKNOWN,weekend_core_closed,UNKNOWN,,,derived_from_token_price_in_current_API_docs,1911738ccf8723972ff5c70967cb5f099113445e4641b4bb8a9db17edb81ae66
2026-10-04T10:45:02.454Z,LIVE,QCOM,bstock,0x5f7a56e877b9130608bf8be962621011182fefe1,unknown,1791110691670,8338,1791110691670,,,UNKNOWN,weekend_core_closed,UNKNOWN,,,derived_from_token_price_in_current_API_docs,1911738ccf8723972ff5c70967cb5f099113445e4641b4bb8a9db17edb81ae66
2026-10-04T10:45:02.455Z,LIVE,RKLB,bstock,0xc8da12cbcce7c45180692a6420b0076e03a5179a,unknown,1791110699683,325,1791110699683,,,UNKNOWN,weekend_core_closed,UNKNOWN,,,derived_from_token_price_in_current_API_docs,1911738ccf8723972ff5c70967cb5f099113445e4641b4bb8a9db17edb81ae66
2026-10-04T10:45:02.455Z,LIVE,QNT,bstock,0xd721c192d612db77621df57a9fab38418033c02e,unknown,1791110617692,82316,1791110617692,,,UNKNOWN,weekend_core_closed,UNKNOWN,,,derived_from_token_price_in_current_API_docs,1911738ccf8723972ff5c70967cb5f099113445e4641b4bb8a9db17edb81ae66
2026-10-04T10:45:02.456Z,LIVE,SNDK,bstock,0x3ee4df61bd4f867e349beae8bfe07bc31b4850fb,unknown,1791110638630,61378,1791110638630,,,UNKNOWN,weekend_core_closed,UNKNOWN,,,derived_from_token_price_in_current_API_docs,1911738ccf8723972ff5c70967cb5f099113445e4641b4bb8a9db17edb81ae66
2026-10-04T10:45:02.456Z,LIVE,SKHY,bstock,0xca750ef65f295bbecd685abf54e82caf297bdb61,unknown,1791110677673,22335,1791110677673,,,UNKNOWN,weekend_core_closed,UNKNOWN,,,derived_from_token_price_in_current_API_docs,1911738ccf8723972ff5c70967cb5f099113445e4641b4bb8a9db17edb81ae66
2026-10-04T10:45:02.457Z,LIVE,TSLA,ondo,0x2494b603319d4d9f9715c9f4496d9e0364b59d93,offhours,1791110700597,0,1791110700597,,,UNKNOWN,weekend_core_closed,PLAUSIBLE_NOT_PROVEN,,,derived_from_token_price_in_current_API_docs,1911738ccf8723972ff5c70967cb5f099113445e4641b4bb8a9db17edb81ae66
2026-10-04T10:45:02.457Z,LIVE,TSLA,bstock,0x5b1910eaad6450e50f816082aa078c41f10c292f,unknown,1791110699632,376,1791110699632,,,UNKNOWN,weekend_core_closed,UNKNOWN,,,derived_from_token_price_in_current_API_docs,1911738ccf8723972ff5c70967cb5f099113445e4641b4bb8a9db17edb81ae66
2026-10-04T10:45:02.457Z,LIVE,SPCX,bstock,0xbe9d156892e55e7154bcd3cb0fea677f9d3103e1,unknown,1791110699636,372,1791110699636,,,UNKNOWN,weekend_core_closed,UNKNOWN,,,derived_from_token_price_in_current_API_docs,1911738ccf8723972ff5c70967cb5f099113445e4641b4bb8a9db17edb81ae66
2026-10-04T10:45:02.458Z,LIVE,TSM,bstock,0xab78b89b5bb00236be0b4b20704cbfa04efc711c,unknown,1791110360682,339326,1791110360682,,,UNKNOWN,weekend_core_closed,UNKNOWN,,,derived_from_token_price_in_current_API_docs,1911738ccf8723972ff5c70967cb5f099113445e4641b4bb8a9db17edb81ae66
2026-10-04T10:45:02.458Z,LIVE,WDC,bstock,0xebe29695f8047c13d36e7a790ca8c1b239ffad1c,unknown,1791110642670,57338,1791110642670,,,UNKNOWN,weekend_core_closed,UNKNOWN,,,derived_from_token_price_in_current_API_docs,1911738ccf8723972ff5c70967cb5f099113445e4641b4bb8a9db17edb81ae66
2026-10-04T10:50:02.858Z,LIVE,AAOI,bstock,0x10343ef7da3301493d7ecb647d68a288c6c1db2f,unknown,1791110999673,458,1791110999673,,,UNKNOWN,weekend_core_closed,UNKNOWN,,,derived_from_token_price_in_current_API_docs,cef9c1f46998d97741474e1b7d06075a7809ec58be292e03eb625bf76ce683f6
2026-10-04T10:50:02.859Z,LIVE,AAPL,ondo,0x390a684ef9cade28a7ad0dfa61ab1eb3842618c4,offhours,1791111000614,0,1791111000614,,,UNKNOWN,weekend_core_closed,PLAUSIBLE_NOT_PROVEN,,,derived_from_token_price_in_current_API_docs,cef9c1f46998d97741474e1b7d06075a7809ec58be292e03eb625bf76ce683f6
2026-10-04T10:50:02.860Z,LIVE,AMD,bstock,0x75fd4cf6f8392e41e70391d60c90c0d5211603a1,unknown,1791110986642,13489,1791110986642,,,UNKNOWN,weekend_core_closed,UNKNOWN,,,derived_from_token_price_in_current_API_docs,cef9c1f46998d97741474e1b7d06075a7809ec58be292e03eb625bf76ce683f6
2026-10-04T10:50:02.861Z,LIVE,AVGO,bstock,0x76682c454467b3a1150ad8b6a92fc5ee2c21d7ed,unknown,1791110957675,42456,1791110957675,,,UNKNOWN,weekend_core_closed,UNKNOWN,,,derived_from_token_price_in_current_API_docs,cef9c1f46998d97741474e1b7d06075a7809ec58be292e03eb625bf76ce683f6
2026-10-04T10:50:02.861Z,LIVE,ARM,bstock,0xd42a79ebb7f527f40faecd196ffb47ad5e8d6f8c,unknown,1791110950673,49458,1791110950673,,,UNKNOWN,weekend_core_closed,UNKNOWN,,,derived_from_token_price_in_current_API_docs,cef9c1f46998d97741474e1b7d06075a7809ec58be292e03eb625bf76ce683f6
2026-10-04T10:50:02.862Z,LIVE,BABA,bstock,0x4ef9d3062c7f6eba4aae4990c5036598c6eff4ec,unknown,1791110749675,250456,1791110749675,,,UNKNOWN,weekend_core_closed,UNKNOWN,,,derived_from_token_price_in_current_API_docs,cef9c1f46998d97741474e1b7d06075a7809ec58be292e03eb625bf76ce683f6
2026-10-04T10:50:02.862Z,LIVE,AXTI,bstock,0x9bdc8b470dbf89dbcb123587c6f5e49cca3463be,unknown,1791110862685,137446,1791110862685,,,UNKNOWN,weekend_core_closed,UNKNOWN,,,derived_from_token_price_in_current_API_docs,cef9c1f46998d97741474e1b7d06075a7809ec58be292e03eb625bf76ce683f6
2026-10-04T10:50:02.863Z,LIVE,CBRS,bstock,0xe81c6bb0266cd68b4f17278531dd03ea1f12da4e,unknown,1791111002661,0,1791111002661,,,UNKNOWN,weekend_core_closed,UNKNOWN,,,derived_from_token_price_in_current_API_docs,cef9c1f46998d97741474e1b7d06075a7809ec58be292e03eb625bf76ce683f6
2026-10-04T10:50:02.864Z,LIVE,COIN,bstock,0x585bde7c54abb5ccd7791f923d6c2187635f3952,unknown,1791111001665,0,1791111001665,,,UNKNOWN,weekend_core_closed,UNKNOWN,,,derived_from_token_price_in_current_API_docs,cef9c1f46998d97741474e1b7d06075a7809ec58be292e03eb625bf76ce683f6
2026-10-04T10:50:02.865Z,LIVE,CRCL,bstock,0x80f3d493ebce97e343c53d29a137942416b4ffc0,unknown,1791111002632,0,1791111002632,,,UNKNOWN,weekend_core_closed,UNKNOWN,,,derived_from_token_price_in_current_API_docs,cef9c1f46998d97741474e1b7d06075a7809ec58be292e03eb625bf76ce683f6
2026-10-04T10:50:02.865Z,LIVE,COIN,ondo,0xf8589b526fdd65f7f301c605a6e04f0f1b4b3620,offhours,1791111000663,0,1791111000663,,,UNKNOWN,weekend_core_closed,PLAUSIBLE_NOT_PROVEN,,,derived_from_token_price_in_current_API_docs,cef9c1f46998d97741474e1b7d06075a7809ec58be292e03eb625bf76ce683f6
2026-10-04T10:50:02.866Z,LIVE,CRWV,bstock,0x33e7317e17838fee56b10fe8d0b9ca6ca3090c95,unknown,1791110853687,146444,1791110853687,,,UNKNOWN,weekend_core_closed,UNKNOWN,,,derived_from_token_price_in_current_API_docs,cef9c1f46998d97741474e1b7d06075a7809ec58be292e03eb625bf76ce683f6
2026-10-04T10:50:02.867Z,LIVE,GOOGL,bstock,0x3f53de71c126bdabae20f9cd64848d317f6c3238,unknown,1791110829665,170466,1791110829665,,,UNKNOWN,weekend_core_closed,UNKNOWN,,,derived_from_token_price_in_current_API_docs,cef9c1f46998d97741474e1b7d06075a7809ec58be292e03eb625bf76ce683f6
2026-10-04T10:50:02.867Z,LIVE,GLW,bstock,0x740e075cbbea22a082b9d6679e65e82767875b6a,unknown,1791111002665,0,1791111002665,,,UNKNOWN,weekend_core_closed,UNKNOWN,,,derived_from_token_price_in_current_API_docs,cef9c1f46998d97741474e1b7d06075a7809ec58be292e03eb625bf76ce683f6
2026-10-04T10:50:02.868Z,LIVE,HOOD,bstock,0xa394dcea3fd3847fd793afbfd163e2e3858b7c65,unknown,1791111002676,0,1791111002676,,,UNKNOWN,weekend_core_closed,UNKNOWN,,,derived_from_token_price_in_current_API_docs,cef9c1f46998d97741474e1b7d06075a7809ec58be292e03eb625bf76ce683f6
2026-10-04T10:50:02.869Z,LIVE,INTC,bstock,0xe614e2fc6c787035ff51f452e8e826bfd32d5283,unknown,1791111001640,0,1791111001640,,,UNKNOWN,weekend_core_closed,UNKNOWN,,,derived_from_token_price_in_current_API_docs,cef9c1f46998d97741474e1b7d06075a7809ec58be292e03eb625bf76ce683f6
2026-10-04T10:50:02.869Z,LIVE,IBM,bstock,0xfa273b076feb8c0fb34e554ae341082323d016a3,unknown,1791111002681,0,1791111002681,,,UNKNOWN,weekend_core_closed,UNKNOWN,,,derived_from_token_price_in_current_API_docs,cef9c1f46998d97741474e1b7d06075a7809ec58be292e03eb625bf76ce683f6
2026-10-04T10:50:02.870Z,LIVE,LITE,bstock,0x64748bea17b6d19e242adf20425de2440c656142,unknown,1791110999650,481,1791110999650,,,UNKNOWN,weekend_core_closed,UNKNOWN,,,derived_from_token_price_in_current_API_docs,cef9c1f46998d97741474e1b7d06075a7809ec58be292e03eb625bf76ce683f6
2026-10-04T10:50:02.870Z,LIVE,META,bstock,0x7425889fe94f9d693e8daefe88bcced6acfef4c0,unknown,1791111002650,0,1791111002650,,,UNKNOWN,weekend_core_closed,UNKNOWN,,,derived_from_token_price_in_current_API_docs,cef9c1f46998d97741474e1b7d06075a7809ec58be292e03eb625bf76ce683f6
2026-10-04T10:50:02.871Z,LIVE,MRVL,bstock,0x16cd4fe7e8880ecc3ba222795229e20489fc2c76,unknown,1791110990678,9453,1791110990678,,,UNKNOWN,weekend_core_closed,UNKNOWN,,,derived_from_token_price_in_current_API_docs,cef9c1f46998d97741474e1b7d06075a7809ec58be292e03eb625bf76ce683f6
2026-10-04T10:50:02.871Z,LIVE,MSFT,bstock,0x80106cb3ead06659a5ad19df39d9b4733863b9b0,unknown,1791110992654,7477,1791110992654,,,UNKNOWN,weekend_core_closed,UNKNOWN,,,derived_from_token_price_in_current_API_docs,cef9c1f46998d97741474e1b7d06075a7809ec58be292e03eb625bf76ce683f6
2026-10-04T10:50:02.872Z,LIVE,MSTR,ondo,0x7313ea16493b2f55054df0131a3a14b043ec8992,offhours,1791111000675,0,1791111000675,,,UNKNOWN,weekend_core_closed,PLAUSIBLE_NOT_PROVEN,,,derived_from_token_price_in_current_API_docs,cef9c1f46998d97741474e1b7d06075a7809ec58be292e03eb625bf76ce683f6
2026-10-04T10:50:02.872Z,LIVE,MSTR,bstock,0xe87afb3076aeb0f9b14e368de8145ae6a2826a14,unknown,1791110996642,3489,1791110996642,,,UNKNOWN,weekend_core_closed,UNKNOWN,,,derived_from_token_price_in_current_API_docs,cef9c1f46998d97741474e1b7d06075a7809ec58be292e03eb625bf76ce683f6
2026-10-04T10:50:02.873Z,LIVE,MU,bstock,0xcdf2f3e0fa43c47a6662a91c9e4a7c5f69762699,unknown,1791111002627,0,1791111002627,,,UNKNOWN,weekend_core_closed,UNKNOWN,,,derived_from_token_price_in_current_API_docs,cef9c1f46998d97741474e1b7d06075a7809ec58be292e03eb625bf76ce683f6
2026-10-04T10:50:02.874Z,LIVE,NOK,bstock,0x7c4d7a180d737dd5a70d8065a90e6746a69c37ea,unknown,1791110806680,193451,1791110806680,,,UNKNOWN,weekend_core_closed,UNKNOWN,,,derived_from_token_price_in_current_API_docs,cef9c1f46998d97741474e1b7d06075a7809ec58be292e03eb625bf76ce683f6
2026-10-04T10:50:02.874Z,LIVE,NBIS,bstock,0xe256bc2a4f5297f8ba6f043f180a46300ecbcbb1,unknown,1791111000666,0,1791111000666,,,UNKNOWN,weekend_core_closed,UNKNOWN,,,derived_from_token_price_in_current_API_docs,cef9c1f46998d97741474e1b7d06075a7809ec58be292e03eb625bf76ce683f6
2026-10-04T10:50:02.875Z,LIVE,NVDA,bstock,0x02fca66c1d1afb4e2a7884261eb00f63598a7436,unknown,1791111000636,0,1791111000636,,,UNKNOWN,weekend_core_closed,UNKNOWN,,,derived_from_token_price_in_current_API_docs,cef9c1f46998d97741474e1b7d06075a7809ec58be292e03eb625bf76ce683f6
2026-10-04T10:50:02.876Z,LIVE,ORCL,bstock,0x4684d9887fc1c71cba7bab8e88835cec217eb598,unknown,1791110983691,16440,1791110983691,,,UNKNOWN,weekend_core_closed,UNKNOWN,,,derived_from_token_price_in_current_API_docs,cef9c1f46998d97741474e1b7d06075a7809ec58be292e03eb625bf76ce683f6
2026-10-04T10:50:02.876Z,LIVE,NVDA,ondo,0xa9ee28c80f960b889dfbd1902055218cba016f75,offhours,1791111000643,0,1791111000643,,,UNKNOWN,weekend_core_closed,PLAUSIBLE_NOT_PROVEN,,,derived_from_token_price_in_current_API_docs,cef9c1f46998d97741474e1b7d06075a7809ec58be292e03eb625bf76ce683f6
2026-10-04T10:50:02.877Z,LIVE,PLTR,bstock,0x0ca5d51d0277bd006fd9607d3e560785ebad8222,unknown,1791111002654,0,1791111002654,,,UNKNOWN,weekend_core_closed,UNKNOWN,,,derived_from_token_price_in_current_API_docs,cef9c1f46998d97741474e1b7d06075a7809ec58be292e03eb625bf76ce683f6
2026-10-04T10:50:02.877Z,LIVE,QCOM,bstock,0x5f7a56e877b9130608bf8be962621011182fefe1,unknown,1791111002669,0,1791111002669,,,UNKNOWN,weekend_core_closed,UNKNOWN,,,derived_from_token_price_in_current_API_docs,cef9c1f46998d97741474e1b7d06075a7809ec58be292e03eb625bf76ce683f6
2026-10-04T10:50:02.877Z,LIVE,QNT,bstock,0xd721c192d612db77621df57a9fab38418033c02e,unknown,1791110933692,66439,1791110933692,,,UNKNOWN,weekend_core_closed,UNKNOWN,,,derived_from_token_price_in_current_API_docs,cef9c1f46998d97741474e1b7d06075a7809ec58be292e03eb625bf76ce683f6
2026-10-04T10:50:02.878Z,LIVE,RKLB,bstock,0xc8da12cbcce7c45180692a6420b0076e03a5179a,unknown,1791111000683,0,1791111000683,,,UNKNOWN,weekend_core_closed,UNKNOWN,,,derived_from_token_price_in_current_API_docs,cef9c1f46998d97741474e1b7d06075a7809ec58be292e03eb625bf76ce683f6
2026-10-04T10:50:02.878Z,LIVE,SKHY,bstock,0xca750ef65f295bbecd685abf54e82caf297bdb61,unknown,1791110918674,81457,1791110918674,,,UNKNOWN,weekend_core_closed,UNKNOWN,,,derived_from_token_price_in_current_API_docs,cef9c1f46998d97741474e1b7d06075a7809ec58be292e03eb625bf76ce683f6
2026-10-04T10:50:02.879Z,LIVE,SNDK,bstock,0x3ee4df61bd4f867e349beae8bfe07bc31b4850fb,unknown,1791111002636,0,1791111002636,,,UNKNOWN,weekend_core_closed,UNKNOWN,,,derived_from_token_price_in_current_API_docs,cef9c1f46998d97741474e1b7d06075a7809ec58be292e03eb625bf76ce683f6
2026-10-04T10:50:02.879Z,LIVE,TSLA,bstock,0x5b1910eaad6450e50f816082aa078c41f10c292f,unknown,1791111000641,0,1791111000641,,,UNKNOWN,weekend_core_closed,UNKNOWN,,,derived_from_token_price_in_current_API_docs,cef9c1f46998d97741474e1b7d06075a7809ec58be292e03eb625bf76ce683f6
2026-10-04T10:50:02.879Z,LIVE,SPCX,bstock,0xbe9d156892e55e7154bcd3cb0fea677f9d3103e1,unknown,1791110999633,498,1791110999633,,,UNKNOWN,weekend_core_closed,UNKNOWN,,,derived_from_token_price_in_current_API_docs,cef9c1f46998d97741474e1b7d06075a7809ec58be292e03eb625bf76ce683f6
2026-10-04T10:50:02.880Z,LIVE,TSLA,ondo,0x2494b603319d4d9f9715c9f4496d9e0364b59d93,offhours,1791111000587,0,1791111000587,,,UNKNOWN,weekend_core_closed,PLAUSIBLE_NOT_PROVEN,,,derived_from_token_price_in_current_API_docs,cef9c1f46998d97741474e1b7d06075a7809ec58be292e03eb625bf76ce683f6
2026-10-04T10:50:02.880Z,LIVE,TSM,bstock,0xab78b89b5bb00236be0b4b20704cbfa04efc711c,unknown,1791110999680,451,1791110999680,,,UNKNOWN,weekend_core_closed,UNKNOWN,,,derived_from_token_price_in_current_API_docs,cef9c1f46998d97741474e1b7d06075a7809ec58be292e03eb625bf76ce683f6
2026-10-04T10:50:02.881Z,LIVE,WDC,bstock,0xebe29695f8047c13d36e7a790ca8c1b239ffad1c,unknown,1791110888677,111454,1791110888677,,,UNKNOWN,weekend_core_closed,UNKNOWN,,,derived_from_token_price_in_current_API_docs,cef9c1f46998d97741474e1b7d06075a7809ec58be292e03eb625bf76ce683f6
2026-10-04T10:55:02.560Z,LIVE,AAOI,bstock,0x10343ef7da3301493d7ecb647d68a288c6c1db2f,unknown,1791111272674,27478,1791111272674,,,UNKNOWN,weekend_core_closed,UNKNOWN,,,derived_from_token_price_in_current_API_docs,991903e29836b4a8ba6def6db675e517206a566c37ea97c7f75903835410dbe1
2026-10-04T10:55:02.560Z,LIVE,AAPL,ondo,0x390a684ef9cade28a7ad0dfa61ab1eb3842618c4,offhours,1791111300557,0,1791111300557,,,UNKNOWN,weekend_core_closed,PLAUSIBLE_NOT_PROVEN,,,derived_from_token_price_in_current_API_docs,991903e29836b4a8ba6def6db675e517206a566c37ea97c7f75903835410dbe1
2026-10-04T10:55:02.561Z,LIVE,AMD,bstock,0x75fd4cf6f8392e41e70391d60c90c0d5211603a1,unknown,1791111177639,122513,1791111177639,,,UNKNOWN,weekend_core_closed,UNKNOWN,,,derived_from_token_price_in_current_API_docs,991903e29836b4a8ba6def6db675e517206a566c37ea97c7f75903835410dbe1
2026-10-04T10:55:02.562Z,LIVE,AVGO,bstock,0x76682c454467b3a1150ad8b6a92fc5ee2c21d7ed,unknown,1791111233674,66478,1791111233674,,,UNKNOWN,weekend_core_closed,UNKNOWN,,,derived_from_token_price_in_current_API_docs,991903e29836b4a8ba6def6db675e517206a566c37ea97c7f75903835410dbe1
2026-10-04T10:55:02.562Z,LIVE,ARM,bstock,0xd42a79ebb7f527f40faecd196ffb47ad5e8d6f8c,unknown,1791111273673,26479,1791111273673,,,UNKNOWN,weekend_core_closed,UNKNOWN,,,derived_from_token_price_in_current_API_docs,991903e29836b4a8ba6def6db675e517206a566c37ea97c7f75903835410dbe1
2026-10-04T10:55:02.563Z,LIVE,BABA,bstock,0x4ef9d3062c7f6eba4aae4990c5036598c6eff4ec,unknown,1791111300676,0,1791111300676,,,UNKNOWN,weekend_core_closed,UNKNOWN,,,derived_from_token_price_in_current_API_docs,991903e29836b4a8ba6def6db675e517206a566c37ea97c7f75903835410dbe1
2026-10-04T10:55:02.563Z,LIVE,AXTI,bstock,0x9bdc8b470dbf89dbcb123587c6f5e49cca3463be,unknown,1791111246686,53466,1791111246686,,,UNKNOWN,weekend_core_closed,UNKNOWN,,,derived_from_token_price_in_current_API_docs,991903e29836b4a8ba6def6db675e517206a566c37ea97c7f75903835410dbe1
2026-10-04T10:55:02.564Z,LIVE,CBRS,bstock,0xe81c6bb0266cd68b4f17278531dd03ea1f12da4e,unknown,1791111301661,0,1791111301661,,,UNKNOWN,weekend_core_closed,UNKNOWN,,,derived_from_token_price_in_current_API_docs,991903e29836b4a8ba6def6db675e517206a566c37ea97c7f75903835410dbe1
2026-10-04T10:55:02.565Z,LIVE,COIN,bstock,0x585bde7c54abb5ccd7791f923d6c2187635f3952,unknown,1791111279665,20487,1791111279665,,,UNKNOWN,weekend_core_closed,UNKNOWN,,,derived_from_token_price_in_current_API_docs,991903e29836b4a8ba6def6db675e517206a566c37ea97c7f75903835410dbe1
2026-10-04T10:55:02.565Z,LIVE,COIN,ondo,0xf8589b526fdd65f7f301c605a6e04f0f1b4b3620,offhours,1791111300607,0,1791111300607,,,UNKNOWN,weekend_core_closed,PLAUSIBLE_NOT_PROVEN,,,derived_from_token_price_in_current_API_docs,991903e29836b4a8ba6def6db675e517206a566c37ea97c7f75903835410dbe1
2026-10-04T10:55:02.566Z,LIVE,CRCL,bstock,0x80f3d493ebce97e343c53d29a137942416b4ffc0,unknown,1791111301628,0,1791111301628,,,UNKNOWN,weekend_core_closed,UNKNOWN,,,derived_from_token_price_in_current_API_docs,991903e29836b4a8ba6def6db675e517206a566c37ea97c7f75903835410dbe1
2026-10-04T10:55:02.567Z,LIVE,CRWV,bstock,0x33e7317e17838fee56b10fe8d0b9ca6ca3090c95,unknown,1791111208687,91465,1791111208687,,,UNKNOWN,weekend_core_closed,UNKNOWN,,,derived_from_token_price_in_current_API_docs,991903e29836b4a8ba6def6db675e517206a566c37ea97c7f75903835410dbe1
2026-10-04T10:55:02.567Z,LIVE,GLW,bstock,0x740e075cbbea22a082b9d6679e65e82767875b6a,unknown,1791111300665,0,1791111300665,,,UNKNOWN,weekend_core_closed,UNKNOWN,,,derived_from_token_price_in_current_API_docs,991903e29836b4a8ba6def6db675e517206a566c37ea97c7f75903835410dbe1
2026-10-04T10:55:02.568Z,LIVE,GOOGL,bstock,0x3f53de71c126bdabae20f9cd64848d317f6c3238,unknown,1791111201665,98487,1791111201665,,,UNKNOWN,weekend_core_closed,UNKNOWN,,,derived_from_token_price_in_current_API_docs,991903e29836b4a8ba6def6db675e517206a566c37ea97c7f75903835410dbe1
2026-10-04T10:55:02.570Z,LIVE,HOOD,bstock,0xa394dcea3fd3847fd793afbfd163e2e3858b7c65,unknown,1791111301677,0,1791111301677,,,UNKNOWN,weekend_core_closed,UNKNOWN,,,derived_from_token_price_in_current_API_docs,991903e29836b4a8ba6def6db675e517206a566c37ea97c7f75903835410dbe1
2026-10-04T10:55:02.571Z,LIVE,IBM,bstock,0xfa273b076feb8c0fb34e554ae341082323d016a3,unknown,1791111297677,2475,1791111297677,,,UNKNOWN,weekend_core_closed,UNKNOWN,,,derived_from_token_price_in_current_API_docs,991903e29836b4a8ba6def6db675e517206a566c37ea97c7f75903835410dbe1
2026-10-04T10:55:02.572Z,LIVE,INTC,bstock,0xe614e2fc6c787035ff51f452e8e826bfd32d5283,unknown,1791111300640,0,1791111300640,,,UNKNOWN,weekend_core_closed,UNKNOWN,,,derived_from_token_price_in_current_API_docs,991903e29836b4a8ba6def6db675e517206a566c37ea97c7f75903835410dbe1
2026-10-04T10:55:02.573Z,LIVE,LITE,bstock,0x64748bea17b6d19e242adf20425de2440c656142,unknown,1791111300650,0,1791111300650,,,UNKNOWN,weekend_core_closed,UNKNOWN,,,derived_from_token_price_in_current_API_docs,991903e29836b4a8ba6def6db675e517206a566c37ea97c7f75903835410dbe1
2026-10-04T10:55:02.574Z,LIVE,MRVL,bstock,0x16cd4fe7e8880ecc3ba222795229e20489fc2c76,unknown,1791111244680,55472,1791111244680,,,UNKNOWN,weekend_core_closed,UNKNOWN,,,derived_from_token_price_in_current_API_docs,991903e29836b4a8ba6def6db675e517206a566c37ea97c7f75903835410dbe1
2026-10-04T10:55:02.574Z,LIVE,META,bstock,0x7425889fe94f9d693e8daefe88bcced6acfef4c0,unknown,1791111295650,4502,1791111295650,,,UNKNOWN,weekend_core_closed,UNKNOWN,,,derived_from_token_price_in_current_API_docs,991903e29836b4a8ba6def6db675e517206a566c37ea97c7f75903835410dbe1
2026-10-04T10:55:02.575Z,LIVE,MSFT,bstock,0x80106cb3ead06659a5ad19df39d9b4733863b9b0,unknown,1791111295654,4498,1791111295654,,,UNKNOWN,weekend_core_closed,UNKNOWN,,,derived_from_token_price_in_current_API_docs,991903e29836b4a8ba6def6db675e517206a566c37ea97c7f75903835410dbe1
2026-10-04T10:55:02.575Z,LIVE,MSTR,bstock,0xe87afb3076aeb0f9b14e368de8145ae6a2826a14,unknown,1791111301642,0,1791111301642,,,UNKNOWN,weekend_core_closed,UNKNOWN,,,derived_from_token_price_in_current_API_docs,991903e29836b4a8ba6def6db675e517206a566c37ea97c7f75903835410dbe1
2026-10-04T10:55:02.576Z,LIVE,MSTR,ondo,0x7313ea16493b2f55054df0131a3a14b043ec8992,offhours,1791111300617,0,1791111300617,,,UNKNOWN,weekend_core_closed,PLAUSIBLE_NOT_PROVEN,,,derived_from_token_price_in_current_API_docs,991903e29836b4a8ba6def6db675e517206a566c37ea97c7f75903835410dbe1
2026-10-04T10:55:02.576Z,LIVE,MU,bstock,0xcdf2f3e0fa43c47a6662a91c9e4a7c5f69762699,unknown,1791111299627,525,1791111299627,,,UNKNOWN,weekend_core_closed,UNKNOWN,,,derived_from_token_price_in_current_API_docs,991903e29836b4a8ba6def6db675e517206a566c37ea97c7f75903835410dbe1
2026-10-04T10:55:02.577Z,LIVE,NOK,bstock,0x7c4d7a180d737dd5a70d8065a90e6746a69c37ea,unknown,1791111206679,93473,1791111206679,,,UNKNOWN,weekend_core_closed,UNKNOWN,,,derived_from_token_price_in_current_API_docs,991903e29836b4a8ba6def6db675e517206a566c37ea97c7f75903835410dbe1
2026-10-04T10:55:02.577Z,LIVE,NBIS,bstock,0xe256bc2a4f5297f8ba6f043f180a46300ecbcbb1,unknown,1791111301666,0,1791111301666,,,UNKNOWN,weekend_core_closed,UNKNOWN,,,derived_from_token_price_in_current_API_docs,991903e29836b4a8ba6def6db675e517206a566c37ea97c7f75903835410dbe1
2026-10-04T10:55:02.578Z,LIVE,NVDA,bstock,0x02fca66c1d1afb4e2a7884261eb00f63598a7436,unknown,1791111290633,9519,1791111290633,,,UNKNOWN,weekend_core_closed,UNKNOWN,,,derived_from_token_price_in_current_API_docs,991903e29836b4a8ba6def6db675e517206a566c37ea97c7f75903835410dbe1
2026-10-04T10:55:02.578Z,LIVE,NVDA,ondo,0xa9ee28c80f960b889dfbd1902055218cba016f75,offhours,1791111300586,0,1791111300586,,,UNKNOWN,weekend_core_closed,PLAUSIBLE_NOT_PROVEN,,,derived_from_token_price_in_current_API_docs,991903e29836b4a8ba6def6db675e517206a566c37ea97c7f75903835410dbe1
2026-10-04T10:55:02.579Z,LIVE,PLTR,bstock,0x0ca5d51d0277bd006fd9607d3e560785ebad8222,unknown,1791111282653,17499,1791111282653,,,UNKNOWN,weekend_core_closed,UNKNOWN,,,derived_from_token_price_in_current_API_docs,991903e29836b4a8ba6def6db675e517206a566c37ea97c7f75903835410dbe1
2026-10-04T10:55:02.579Z,LIVE,ORCL,bstock,0x4684d9887fc1c71cba7bab8e88835cec217eb598,unknown,1791111301692,0,1791111301692,,,UNKNOWN,weekend_core_closed,UNKNOWN,,,derived_from_token_price_in_current_API_docs,991903e29836b4a8ba6def6db675e517206a566c37ea97c7f75903835410dbe1
2026-10-04T10:55:02.580Z,LIVE,QCOM,bstock,0x5f7a56e877b9130608bf8be962621011182fefe1,unknown,1791111264668,35484,1791111264668,,,UNKNOWN,weekend_core_closed,UNKNOWN,,,derived_from_token_price_in_current_API_docs,991903e29836b4a8ba6def6db675e517206a566c37ea97c7f75903835410dbe1
2026-10-04T10:55:02.580Z,LIVE,RKLB,bstock,0xc8da12cbcce7c45180692a6420b0076e03a5179a,unknown,1791111301682,0,1791111301682,,,UNKNOWN,weekend_core_closed,UNKNOWN,,,derived_from_token_price_in_current_API_docs,991903e29836b4a8ba6def6db675e517206a566c37ea97c7f75903835410dbe1
2026-10-04T10:55:02.580Z,LIVE,QNT,bstock,0xd721c192d612db77621df57a9fab38418033c02e,unknown,1791111299696,456,1791111299696,,,UNKNOWN,weekend_core_closed,UNKNOWN,,,derived_from_token_price_in_current_API_docs,991903e29836b4a8ba6def6db675e517206a566c37ea97c7f75903835410dbe1
2026-10-04T10:55:02.581Z,LIVE,SNDK,bstock,0x3ee4df61bd4f867e349beae8bfe07bc31b4850fb,unknown,1791111253631,46521,1791111253631,,,UNKNOWN,weekend_core_closed,UNKNOWN,,,derived_from_token_price_in_current_API_docs,991903e29836b4a8ba6def6db675e517206a566c37ea97c7f75903835410dbe1
2026-10-04T10:55:02.581Z,LIVE,SKHY,bstock,0xca750ef65f295bbecd685abf54e82caf297bdb61,unknown,1791111256673,43479,1791111256673,,,UNKNOWN,weekend_core_closed,UNKNOWN,,,derived_from_token_price_in_current_API_docs,991903e29836b4a8ba6def6db675e517206a566c37ea97c7f75903835410dbe1
2026-10-04T10:55:02.582Z,LIVE,TSLA,bstock,0x5b1910eaad6450e50f816082aa078c41f10c292f,unknown,1791111286632,13520,1791111286632,,,UNKNOWN,weekend_core_closed,UNKNOWN,,,derived_from_token_price_in_current_API_docs,991903e29836b4a8ba6def6db675e517206a566c37ea97c7f75903835410dbe1
2026-10-04T10:55:02.582Z,LIVE,SPCX,bstock,0xbe9d156892e55e7154bcd3cb0fea677f9d3103e1,unknown,1791111301633,0,1791111301633,,,UNKNOWN,weekend_core_closed,UNKNOWN,,,derived_from_token_price_in_current_API_docs,991903e29836b4a8ba6def6db675e517206a566c37ea97c7f75903835410dbe1
2026-10-04T10:55:02.583Z,LIVE,TSLA,ondo,0x2494b603319d4d9f9715c9f4496d9e0364b59d93,offhours,1791111300531,0,1791111300531,,,UNKNOWN,weekend_core_closed,PLAUSIBLE_NOT_PROVEN,,,derived_from_token_price_in_current_API_docs,991903e29836b4a8ba6def6db675e517206a566c37ea97c7f75903835410dbe1
2026-10-04T10:55:02.583Z,LIVE,TSM,bstock,0xab78b89b5bb00236be0b4b20704cbfa04efc711c,unknown,1791110999680,300472,1791110999680,,,UNKNOWN,weekend_core_closed,UNKNOWN,,,derived_from_token_price_in_current_API_docs,991903e29836b4a8ba6def6db675e517206a566c37ea97c7f75903835410dbe1
2026-10-04T10:55:02.583Z,LIVE,WDC,bstock,0xebe29695f8047c13d36e7a790ca8c1b239ffad1c,unknown,1791110888677,411475,1791110888677,,,UNKNOWN,weekend_core_closed,UNKNOWN,,,derived_from_token_price_in_current_API_docs,991903e29836b4a8ba6def6db675e517206a566c37ea97c7f75903835410dbe1
2026-10-04T11:00:02.827Z,LIVE,AAOI,bstock,0x10343ef7da3301493d7ecb647d68a288c6c1db2f,unknown,1791111592672,7358,1791111592672,,,UNKNOWN,weekend_core_closed,UNKNOWN,,,derived_from_token_price_in_current_API_docs,431b61f5b48db7fe978059011ccda30e5523e21629abbd3060ef343bb87971c9
2026-10-04T11:00:02.828Z,LIVE,AAPL,ondo,0x390a684ef9cade28a7ad0dfa61ab1eb3842618c4,offhours,1791111601044,0,1791111601044,,,UNKNOWN,weekend_core_closed,PLAUSIBLE_NOT_PROVEN,,,derived_from_token_price_in_current_API_docs,431b61f5b48db7fe978059011ccda30e5523e21629abbd3060ef343bb87971c9
2026-10-04T11:00:02.828Z,LIVE,AMD,bstock,0x75fd4cf6f8392e41e70391d60c90c0d5211603a1,unknown,1791111600638,0,1791111600638,,,UNKNOWN,weekend_core_closed,UNKNOWN,,,derived_from_token_price_in_current_API_docs,431b61f5b48db7fe978059011ccda30e5523e21629abbd3060ef343bb87971c9
2026-10-04T11:00:02.829Z,LIVE,ARM,bstock,0xd42a79ebb7f527f40faecd196ffb47ad5e8d6f8c,unknown,1791111588674,11356,1791111588674,,,UNKNOWN,weekend_core_closed,UNKNOWN,,,derived_from_token_price_in_current_API_docs,431b61f5b48db7fe978059011ccda30e5523e21629abbd3060ef343bb87971c9
2026-10-04T11:00:02.830Z,LIVE,AVGO,bstock,0x76682c454467b3a1150ad8b6a92fc5ee2c21d7ed,unknown,1791111549675,50355,1791111549675,,,UNKNOWN,weekend_core_closed,UNKNOWN,,,derived_from_token_price_in_current_API_docs,431b61f5b48db7fe978059011ccda30e5523e21629abbd3060ef343bb87971c9
2026-10-04T11:00:02.831Z,LIVE,AXTI,bstock,0x9bdc8b470dbf89dbcb123587c6f5e49cca3463be,unknown,1791111374686,225344,1791111374686,,,UNKNOWN,weekend_core_closed,UNKNOWN,,,derived_from_token_price_in_current_API_docs,431b61f5b48db7fe978059011ccda30e5523e21629abbd3060ef343bb87971c9
2026-10-04T11:00:02.832Z,LIVE,BABA,bstock,0x4ef9d3062c7f6eba4aae4990c5036598c6eff4ec,unknown,1791111541681,58349,1791111541681,,,UNKNOWN,weekend_core_closed,UNKNOWN,,,derived_from_token_price_in_current_API_docs,431b61f5b48db7fe978059011ccda30e5523e21629abbd3060ef343bb87971c9
2026-10-04T11:00:02.833Z,LIVE,COIN,bstock,0x585bde7c54abb5ccd7791f923d6c2187635f3952,unknown,1791111600666,0,1791111600666,,,UNKNOWN,weekend_core_closed,UNKNOWN,,,derived_from_token_price_in_current_API_docs,431b61f5b48db7fe978059011ccda30e5523e21629abbd3060ef343bb87971c9
2026-10-04T11:00:02.833Z,LIVE,CBRS,bstock,0xe81c6bb0266cd68b4f17278531dd03ea1f12da4e,unknown,1791111602661,0,1791111602661,,,UNKNOWN,weekend_core_closed,UNKNOWN,,,derived_from_token_price_in_current_API_docs,431b61f5b48db7fe978059011ccda30e5523e21629abbd3060ef343bb87971c9
2026-10-04T11:00:02.834Z,LIVE,COIN,ondo,0xf8589b526fdd65f7f301c605a6e04f0f1b4b3620,offhours,1791111601093,0,1791111601093,,,UNKNOWN,weekend_core_closed,PLAUSIBLE_NOT_PROVEN,,,derived_from_token_price_in_current_API_docs,431b61f5b48db7fe978059011ccda30e5523e21629abbd3060ef343bb87971c9
2026-10-04T11:00:02.835Z,LIVE,CRWV,bstock,0x33e7317e17838fee56b10fe8d0b9ca6ca3090c95,unknown,1791111556686,43344,1791111556686,,,UNKNOWN,weekend_core_closed,UNKNOWN,,,derived_from_token_price_in_current_API_docs,431b61f5b48db7fe978059011ccda30e5523e21629abbd3060ef343bb87971c9
2026-10-04T11:00:02.835Z,LIVE,CRCL,bstock,0x80f3d493ebce97e343c53d29a137942416b4ffc0,unknown,1791111602632,0,1791111602632,,,UNKNOWN,weekend_core_closed,UNKNOWN,,,derived_from_token_price_in_current_API_docs,431b61f5b48db7fe978059011ccda30e5523e21629abbd3060ef343bb87971c9
2026-10-04T11:00:02.836Z,LIVE,GOOGL,bstock,0x3f53de71c126bdabae20f9cd64848d317f6c3238,unknown,1791111500665,99365,1791111500665,,,UNKNOWN,weekend_core_closed,UNKNOWN,,,derived_from_token_price_in_current_API_docs,431b61f5b48db7fe978059011ccda30e5523e21629abbd3060ef343bb87971c9
2026-10-04T11:00:02.836Z,LIVE,GLW,bstock,0x740e075cbbea22a082b9d6679e65e82767875b6a,unknown,1791111602665,0,1791111602665,,,UNKNOWN,weekend_core_closed,UNKNOWN,,,derived_from_token_price_in_current_API_docs,431b61f5b48db7fe978059011ccda30e5523e21629abbd3060ef343bb87971c9
2026-10-04T11:00:02.837Z,LIVE,HOOD,bstock,0xa394dcea3fd3847fd793afbfd163e2e3858b7c65,unknown,1791111571676,28354,1791111571676,,,UNKNOWN,weekend_core_closed,UNKNOWN,,,derived_from_token_price_in_current_API_docs,431b61f5b48db7fe978059011ccda30e5523e21629abbd3060ef343bb87971c9
2026-10-04T11:00:02.838Z,LIVE,INTC,bstock,0xe614e2fc6c787035ff51f452e8e826bfd32d5283,unknown,1791111601640,0,1791111601640,,,UNKNOWN,weekend_core_closed,UNKNOWN,,,derived_from_token_price_in_current_API_docs,431b61f5b48db7fe978059011ccda30e5523e21629abbd3060ef343bb87971c9
2026-10-04T11:00:02.838Z,LIVE,IBM,bstock,0xfa273b076feb8c0fb34e554ae341082323d016a3,unknown,1791111601677,0,1791111601677,,,UNKNOWN,weekend_core_closed,UNKNOWN,,,derived_from_token_price_in_current_API_docs,431b61f5b48db7fe978059011ccda30e5523e21629abbd3060ef343bb87971c9
2026-10-04T11:00:02.839Z,LIVE,LITE,bstock,0x64748bea17b6d19e242adf20425de2440c656142,unknown,1791111600650,0,1791111600650,,,UNKNOWN,weekend_core_closed,UNKNOWN,,,derived_from_token_price_in_current_API_docs,431b61f5b48db7fe978059011ccda30e5523e21629abbd3060ef343bb87971c9
2026-10-04T11:00:02.839Z,LIVE,META,bstock,0x7425889fe94f9d693e8daefe88bcced6acfef4c0,unknown,1791111600654,0,1791111600654,,,UNKNOWN,weekend_core_closed,UNKNOWN,,,derived_from_token_price_in_current_API_docs,431b61f5b48db7fe978059011ccda30e5523e21629abbd3060ef343bb87971c9
2026-10-04T11:00:02.840Z,LIVE,MRVL,bstock,0x16cd4fe7e8880ecc3ba222795229e20489fc2c76,unknown,1791111599679,351,1791111599679,,,UNKNOWN,weekend_core_closed,UNKNOWN,,,derived_from_token_price_in_current_API_docs,431b61f5b48db7fe978059011ccda30e5523e21629abbd3060ef343bb87971c9
2026-10-04T11:00:02.840Z,LIVE,MSFT,bstock,0x80106cb3ead06659a5ad19df39d9b4733863b9b0,unknown,1791111600658,0,1791111600658,,,UNKNOWN,weekend_core_closed,UNKNOWN,,,derived_from_token_price_in_current_API_docs,431b61f5b48db7fe978059011ccda30e5523e21629abbd3060ef343bb87971c9
2026-10-04T11:00:02.841Z,LIVE,MSTR,ondo,0x7313ea16493b2f55054df0131a3a14b043ec8992,offhours,1791111601111,0,1791111601111,,,UNKNOWN,weekend_core_closed,PLAUSIBLE_NOT_PROVEN,,,derived_from_token_price_in_current_API_docs,431b61f5b48db7fe978059011ccda30e5523e21629abbd3060ef343bb87971c9
2026-10-04T11:00:02.841Z,LIVE,MSTR,bstock,0xe87afb3076aeb0f9b14e368de8145ae6a2826a14,unknown,1791111602642,0,1791111602642,,,UNKNOWN,weekend_core_closed,UNKNOWN,,,derived_from_token_price_in_current_API_docs,431b61f5b48db7fe978059011ccda30e5523e21629abbd3060ef343bb87971c9
2026-10-04T11:00:02.842Z,LIVE,MU,bstock,0xcdf2f3e0fa43c47a6662a91c9e4a7c5f69762699,unknown,1791111602627,0,1791111602627,,,UNKNOWN,weekend_core_closed,UNKNOWN,,,derived_from_token_price_in_current_API_docs,431b61f5b48db7fe978059011ccda30e5523e21629abbd3060ef343bb87971c9
2026-10-04T11:00:02.842Z,LIVE,NBIS,bstock,0xe256bc2a4f5297f8ba6f043f180a46300ecbcbb1,unknown,1791111598666,1364,1791111598666,,,UNKNOWN,weekend_core_closed,UNKNOWN,,,derived_from_token_price_in_current_API_docs,431b61f5b48db7fe978059011ccda30e5523e21629abbd3060ef343bb87971c9
2026-10-04T11:00:02.843Z,LIVE,NVDA,bstock,0x02fca66c1d1afb4e2a7884261eb00f63598a7436,unknown,1791111559633,40397,1791111559633,,,UNKNOWN,weekend_core_closed,UNKNOWN,,,derived_from_token_price_in_current_API_docs,431b61f5b48db7fe978059011ccda30e5523e21629abbd3060ef343bb87971c9
2026-10-04T11:00:02.843Z,LIVE,NOK,bstock,0x7c4d7a180d737dd5a70d8065a90e6746a69c37ea,unknown,1791111592679,7351,1791111592679,,,UNKNOWN,weekend_core_closed,UNKNOWN,,,derived_from_token_price_in_current_API_docs,431b61f5b48db7fe978059011ccda30e5523e21629abbd3060ef343bb87971c9
2026-10-04T11:00:02.844Z,LIVE,PLTR,bstock,0x0ca5d51d0277bd006fd9607d3e560785ebad8222,unknown,1791111540674,59356,1791111540674,,,UNKNOWN,weekend_core_closed,UNKNOWN,,,derived_from_token_price_in_current_API_docs,431b61f5b48db7fe978059011ccda30e5523e21629abbd3060ef343bb87971c9
2026-10-04T11:00:02.844Z,LIVE,ORCL,bstock,0x4684d9887fc1c71cba7bab8e88835cec217eb598,unknown,1791111542694,57336,1791111542694,,,UNKNOWN,weekend_core_closed,UNKNOWN,,,derived_from_token_price_in_current_API_docs,431b61f5b48db7fe978059011ccda30e5523e21629abbd3060ef343bb87971c9
2026-10-04T11:00:02.844Z,LIVE,NVDA,ondo,0xa9ee28c80f960b889dfbd1902055218cba016f75,offhours,1791111601072,0,1791111601072,,,UNKNOWN,weekend_core_closed,PLAUSIBLE_NOT_PROVEN,,,derived_from_token_price_in_current_API_docs,431b61f5b48db7fe978059011ccda30e5523e21629abbd3060ef343bb87971c9
2026-10-04T11:00:02.845Z,LIVE,QCOM,bstock,0x5f7a56e877b9130608bf8be962621011182fefe1,unknown,1791111566668,33362,1791111566668,,,UNKNOWN,weekend_core_closed,UNKNOWN,,,derived_from_token_price_in_current_API_docs,431b61f5b48db7fe978059011ccda30e5523e21629abbd3060ef343bb87971c9
2026-10-04T11:00:02.845Z,LIVE,RKLB,bstock,0xc8da12cbcce7c45180692a6420b0076e03a5179a,unknown,1791111599683,347,1791111599683,,,UNKNOWN,weekend_core_closed,UNKNOWN,,,derived_from_token_price_in_current_API_docs,431b61f5b48db7fe978059011ccda30e5523e21629abbd3060ef343bb87971c9
2026-10-04T11:00:02.845Z,LIVE,QNT,bstock,0xd721c192d612db77621df57a9fab38418033c02e,unknown,1791111575692,24338,1791111575692,,,UNKNOWN,weekend_core_closed,UNKNOWN,,,derived_from_token_price_in_current_API_docs,431b61f5b48db7fe978059011ccda30e5523e21629abbd3060ef343bb87971c9
2026-10-04T11:00:02.846Z,LIVE,SNDK,bstock,0x3ee4df61bd4f867e349beae8bfe07bc31b4850fb,unknown,1791111515637,84393,1791111515637,,,UNKNOWN,weekend_core_closed,UNKNOWN,,,derived_from_token_price_in_current_API_docs,431b61f5b48db7fe978059011ccda30e5523e21629abbd3060ef343bb87971c9
2026-10-04T11:00:02.846Z,LIVE,SKHY,bstock,0xca750ef65f295bbecd685abf54e82caf297bdb61,unknown,1791111600671,0,1791111600671,,,UNKNOWN,weekend_core_closed,UNKNOWN,,,derived_from_token_price_in_current_API_docs,431b61f5b48db7fe978059011ccda30e5523e21629abbd3060ef343bb87971c9
2026-10-04T11:00:02.847Z,LIVE,TSLA,ondo,0x2494b603319d4d9f9715c9f4496d9e0364b59d93,offhours,1791111601017,0,1791111601017,,,UNKNOWN,weekend_core_closed,PLAUSIBLE_NOT_PROVEN,,,derived_from_token_price_in_current_API_docs,431b61f5b48db7fe978059011ccda30e5523e21629abbd3060ef343bb87971c9
2026-10-04T11:00:02.847Z,LIVE,TSLA,bstock,0x5b1910eaad6450e50f816082aa078c41f10c292f,unknown,1791111577631,22399,1791111577631,,,UNKNOWN,weekend_core_closed,UNKNOWN,,,derived_from_token_price_in_current_API_docs,431b61f5b48db7fe978059011ccda30e5523e21629abbd3060ef343bb87971c9
2026-10-04T11:00:02.847Z,LIVE,SPCX,bstock,0xbe9d156892e55e7154bcd3cb0fea677f9d3103e1,unknown,1791111600633,0,1791111600633,,,UNKNOWN,weekend_core_closed,UNKNOWN,,,derived_from_token_price_in_current_API_docs,431b61f5b48db7fe978059011ccda30e5523e21629abbd3060ef343bb87971c9
2026-10-04T11:00:02.848Z,LIVE,TSM,bstock,0xab78b89b5bb00236be0b4b20704cbfa04efc711c,unknown,1791111488686,111344,1791111488686,,,UNKNOWN,weekend_core_closed,UNKNOWN,,,derived_from_token_price_in_current_API_docs,431b61f5b48db7fe978059011ccda30e5523e21629abbd3060ef343bb87971c9
2026-10-04T11:00:02.848Z,LIVE,WDC,bstock,0xebe29695f8047c13d36e7a790ca8c1b239ffad1c,unknown,1791111590674,9356,1791111590674,,,UNKNOWN,weekend_core_closed,UNKNOWN,,,derived_from_token_price_in_current_API_docs,431b61f5b48db7fe978059011ccda30e5523e21629abbd3060ef343bb87971c9
